speaker_id,path,label,speaker,true_label,pred_prob,pred_label
p001,accepted\p001\p001_206_000.wav,1,p001,1,0.8293766,1
p001,accepted\p001\p001_206_001.wav,1,p001,1,1.0,1
p001,accepted\p001\p001_206_002.wav,1,p001,1,1.0,1
p001,accepted\p001\p001_207_000.wav,1,p001,1,1.0,1
p001,accepted\p001\p001_207_001.wav,1,p001,1,1.0,1
p001,accepted\p001\p001_207_002.wav,1,p001,1,1.0,1
p001,accepted\p001\p001_208_000.wav,1,p001,1,1.0,1
p001,accepted\p001\p001_208_001.wav,1,p001,1,1.0,1
p001,accepted\p001\p001_208_002.wav,1,p001,1,1.0,1
p001,accepted\p001\p001_209_000.wav,1,p001,1,1.0,1
p001,accepted\p001\p001_209_001.wav,1,p001,1,1.0,1
p001,accepted\p001\p001_209_002.wav,1,p001,1,1.0,1
p001,accepted\p001\p001_210_000.wav,1,p001,1,1.0,1
p001,accepted\p001\p001_210_001.wav,1,p001,1,1.0,1
p001,accepted\p001\p001_210_002.wav,1,p001,1,0.99999994,1
p001,accepted\p001\p001_211_000.wav,1,p001,1,1.0,1
p001,accepted\p001\p001_211_001.wav,1,p001,1,1.0,1
p001,accepted\p001\p001_211_002.wav,1,p001,1,1.0,1
p001,accepted\p001\p001_212_000.wav,1,p001,1,1.0,1
p001,accepted\p001\p001_212_001.wav,1,p001,1,1.0,1
p001,accepted\p001\p001_212_002.wav,1,p001,1,1.0,1
p001,accepted\p001\p001_213_000.wav,1,p001,1,1.0,1
p001,accepted\p001\p001_213_001.wav,1,p001,1,1.0,1
p001,accepted\p001\p001_213_002.wav,1,p001,1,1.0,1
p001,accepted\p001\p001_214_000.wav,1,p001,1,0.99976623,1
p001,accepted\p001\p001_214_001.wav,1,p001,1,1.0,1
p001,accepted\p001\p001_214_002.wav,1,p001,1,1.0,1
p001,accepted\p001\p001_215_000.wav,1,p001,1,1.0,1
p001,accepted\p001\p001_215_001.wav,1,p001,1,1.0,1
p001,accepted\p001\p001_215_002.wav,1,p001,1,1.0,1
p001,accepted\p001\p001_216_000.wav,1,p001,1,0.9999995,1
p001,accepted\p001\p001_216_001.wav,1,p001,1,1.0,1
p001,accepted\p001\p001_216_002.wav,1,p001,1,1.0,1
p001,accepted\p001\p001_217_000.wav,1,p001,1,1.0,1
p001,accepted\p001\p001_217_001.wav,1,p001,1,1.0,1
p001,accepted\p001\p001_217_002.wav,1,p001,1,1.0,1
p001,accepted\p001\p001_218_000.wav,1,p001,1,1.0,1
p001,accepted\p001\p001_218_001.wav,1,p001,1,1.0,1
p001,accepted\p001\p001_218_002.wav,1,p001,1,1.0,1
p001,accepted\p001\p001_219_000.wav,1,p001,1,1.0,1
p001,accepted\p001\p001_219_001.wav,1,p001,1,1.0,1
p001,accepted\p001\p001_219_002.wav,1,p001,1,1.0,1
p001,accepted\p001\p001_220_000.wav,1,p001,1,1.0,1
p001,accepted\p001\p001_220_001.wav,1,p001,1,1.0,1
p001,accepted\p001\p001_220_002.wav,1,p001,1,1.0,1
p001,accepted\p001\p001_221_000.wav,1,p001,1,1.0,1
p001,accepted\p001\p001_221_001.wav,1,p001,1,1.0,1
p001,accepted\p001\p001_221_002.wav,1,p001,1,1.0,1
p001,accepted\p001\p001_222_000.wav,1,p001,1,1.0,1
p001,accepted\p001\p001_222_001.wav,1,p001,1,1.0,1
p001,accepted\p001\p001_222_002.wav,1,p001,1,1.0,1
p001,accepted\p001\p001_223_000.wav,1,p001,1,1.0,1
p001,accepted\p001\p001_223_001.wav,1,p001,1,1.0,1
p001,accepted\p001\p001_223_002.wav,1,p001,1,1.0,1
p001,accepted\p001\p001_224_000.wav,1,p001,1,1.0,1
p001,accepted\p001\p001_224_001.wav,1,p001,1,1.0,1
p001,accepted\p001\p001_224_002.wav,1,p001,1,1.0,1
p001,accepted\p001\p001_225_000.wav,1,p001,1,0.9999998,1
p001,accepted\p001\p001_225_001.wav,1,p001,1,1.0,1
p001,accepted\p001\p001_225_002.wav,1,p001,1,1.0,1
p001,accepted\p001\p001_226_000.wav,1,p001,1,1.0,1
p001,accepted\p001\p001_226_001.wav,1,p001,1,1.0,1
p001,accepted\p001\p001_226_002.wav,1,p001,1,1.0,1
p001,accepted\p001\p001_227_000.wav,1,p001,1,1.0,1
p001,accepted\p001\p001_227_001.wav,1,p001,1,1.0,1
p001,accepted\p001\p001_227_002.wav,1,p001,1,1.0,1
p001,accepted\p001\p001_228_000.wav,1,p001,1,1.0,1
p001,accepted\p001\p001_228_001.wav,1,p001,1,0.9998561,1
p001,accepted\p001\p001_228_002.wav,1,p001,1,1.0,1
p001,accepted\p001\p001_229_000.wav,1,p001,1,1.0,1
p001,accepted\p001\p001_229_001.wav,1,p001,1,1.0,1
p001,accepted\p001\p001_229_002.wav,1,p001,1,1.0,1
p001,accepted\p001\p001_230_000.wav,1,p001,1,1.0,1
p001,accepted\p001\p001_230_001.wav,1,p001,1,1.0,1
p001,accepted\p001\p001_230_002.wav,1,p001,1,1.0,1
p001,accepted\p001\p001_231_000.wav,1,p001,1,1.0,1
p001,accepted\p001\p001_231_001.wav,1,p001,1,1.0,1
p001,accepted\p001\p001_231_002.wav,1,p001,1,1.0,1
p001,accepted\p001\p001_232_000.wav,1,p001,1,1.0,1
p001,accepted\p001\p001_232_001.wav,1,p001,1,1.0,1
p001,accepted\p001\p001_232_002.wav,1,p001,1,1.0,1
p001,accepted\p001\p001_233_000.wav,1,p001,1,1.0,1
p001,accepted\p001\p001_233_001.wav,1,p001,1,1.0,1
p001,accepted\p001\p001_233_002.wav,1,p001,1,1.0,1
p001,accepted\p001\p001_234_000.wav,1,p001,1,1.0,1
p001,accepted\p001\p001_234_001.wav,1,p001,1,1.0,1
p001,accepted\p001\p001_234_002.wav,1,p001,1,1.0,1
p001,accepted\p001\p001_235_000.wav,1,p001,1,1.0,1
p001,accepted\p001\p001_235_001.wav,1,p001,1,1.0,1
p001,accepted\p001\p001_235_002.wav,1,p001,1,1.0,1
p001,accepted\p001\p001_236_000.wav,1,p001,1,1.0,1
p001,accepted\p001\p001_236_001.wav,1,p001,1,1.0,1
p001,accepted\p001\p001_236_002.wav,1,p001,1,1.0,1
p001,accepted\p001\p001_237_000.wav,1,p001,1,1.0,1
p001,accepted\p001\p001_237_001.wav,1,p001,1,1.0,1
p001,accepted\p001\p001_237_002.wav,1,p001,1,0.9993357,1
p001,accepted\p001\p001_238_000.wav,1,p001,1,1.0,1
p001,accepted\p001\p001_238_001.wav,1,p001,1,1.0,1
p001,accepted\p001\p001_238_002.wav,1,p001,1,1.0,1
p001,accepted\p001\p001_239_000.wav,1,p001,1,1.0,1
p001,accepted\p001\p001_239_001.wav,1,p001,1,1.0,1
p001,accepted\p001\p001_239_002.wav,1,p001,1,1.0,1
p001,accepted\p001\p001_240_000.wav,1,p001,1,1.0,1
p001,accepted\p001\p001_240_001.wav,1,p001,1,1.0,1
p001,accepted\p001\p001_240_002.wav,1,p001,1,0.9999999,1
p001,accepted\p001\p001_241_000.wav,1,p001,1,1.0,1
p001,accepted\p001\p001_241_001.wav,1,p001,1,1.0,1
p001,accepted\p001\p001_241_002.wav,1,p001,1,0.99999523,1
p226,rejected\p226\p226_102_000.wav,0,p226,0,0.98788536,1
p226,rejected\p226\p226_102_001.wav,0,p226,0,0.040320802,0
p226,rejected\p226\p226_103_000.wav,0,p226,0,0.20086154,0
p226,rejected\p226\p226_103_001.wav,0,p226,0,0.39252532,0
p226,rejected\p226\p226_104_000.wav,0,p226,0,0.1608372,0
p226,rejected\p226\p226_104_001.wav,0,p226,0,0.1098701,0
p226,rejected\p226\p226_104_002.wav,0,p226,0,0.12731154,0
p226,rejected\p226\p226_104_003.wav,0,p226,0,0.124294005,0
p226,rejected\p226\p226_105_000.wav,0,p226,0,0.99849564,1
p226,rejected\p226\p226_106_000.wav,0,p226,0,0.9130013,1
p226,rejected\p226\p226_106_001.wav,0,p226,0,0.2321167,0
p226,rejected\p226\p226_106_002.wav,0,p226,0,0.07525977,0
p226,rejected\p226\p226_107_000.wav,0,p226,0,0.16505131,0
p226,rejected\p226\p226_107_001.wav,0,p226,0,7.212677e-07,0
p226,rejected\p226\p226_108_000.wav,0,p226,0,0.0031906518,0
p226,rejected\p226\p226_108_001.wav,0,p226,0,6.571379e-06,0
p226,rejected\p226\p226_109_000.wav,0,p226,0,0.02297539,0
p226,rejected\p226\p226_109_001.wav,0,p226,0,0.22602957,0
p226,rejected\p226\p226_110_000.wav,0,p226,0,0.8799204,1
p226,rejected\p226\p226_110_001.wav,0,p226,0,0.0014666639,0
p226,rejected\p226\p226_111_000.wav,0,p226,0,5.319659e-05,0
p226,rejected\p226\p226_112_000.wav,0,p226,0,0.0007970398,0
p226,rejected\p226\p226_112_001.wav,0,p226,0,0.002433906,0
p226,rejected\p226\p226_113_000.wav,0,p226,0,0.003043629,0
p226,rejected\p226\p226_113_001.wav,0,p226,0,0.11981277,0
p226,rejected\p226\p226_113_002.wav,0,p226,0,8.389627e-06,0
p226,rejected\p226\p226_114_000.wav,0,p226,0,0.010030001,0
p226,rejected\p226\p226_114_001.wav,0,p226,0,0.00033186565,0
p226,rejected\p226\p226_115_000.wav,0,p226,0,0.052803766,0
p226,rejected\p226\p226_115_001.wav,0,p226,0,0.7467353,1
p226,rejected\p226\p226_116_000.wav,0,p226,0,0.04964268,0
p226,rejected\p226\p226_117_000.wav,0,p226,0,0.6912818,1
p226,rejected\p226\p226_118_000.wav,0,p226,0,0.056443952,0
p226,rejected\p226\p226_118_001.wav,0,p226,0,0.5977918,1
p226,rejected\p226\p226_118_002.wav,0,p226,0,0.023102703,0
p226,rejected\p226\p226_119_000.wav,0,p226,0,0.0053881337,0
p226,rejected\p226\p226_119_001.wav,0,p226,0,0.84457207,1
p226,rejected\p226\p226_120_000.wav,0,p226,0,0.7326002,1
p226,rejected\p226\p226_120_001.wav,0,p226,0,0.6556771,1
p226,rejected\p226\p226_120_002.wav,0,p226,0,8.6522905e-06,0
p226,rejected\p226\p226_121_000.wav,0,p226,0,0.04070383,0
p226,rejected\p226\p226_121_001.wav,0,p226,0,1.7397004e-05,0
p226,rejected\p226\p226_122_000.wav,0,p226,0,0.013025105,0
p226,rejected\p226\p226_122_001.wav,0,p226,0,9.910321e-06,0
p226,rejected\p226\p226_122_002.wav,0,p226,0,0.01042727,0
p226,rejected\p226\p226_122_003.wav,0,p226,0,5.3535776e-05,0
p227,rejected\p227\p227_097_000.wav,0,p227,0,0.5615692,1
p227,rejected\p227\p227_097_001.wav,0,p227,0,0.0038335505,0
p227,rejected\p227\p227_098_000.wav,0,p227,0,0.026690004,0
p227,rejected\p227\p227_098_001.wav,0,p227,0,0.0010224637,0
p227,rejected\p227\p227_098_002.wav,0,p227,0,0.004052611,0
p227,rejected\p227\p227_099_000.wav,0,p227,0,0.17742582,0
p227,rejected\p227\p227_099_001.wav,0,p227,0,0.004003121,0
p227,rejected\p227\p227_099_002.wav,0,p227,0,0.2879542,0
p227,rejected\p227\p227_101_000.wav,0,p227,0,0.13240418,0
p227,rejected\p227\p227_101_001.wav,0,p227,0,0.01263548,0
p227,rejected\p227\p227_102_000.wav,0,p227,0,0.10361283,0
p227,rejected\p227\p227_102_001.wav,0,p227,0,0.008782067,0
p227,rejected\p227\p227_103_000.wav,0,p227,0,0.47670707,0
p227,rejected\p227\p227_103_001.wav,0,p227,0,0.003551054,0
p227,rejected\p227\p227_104_000.wav,0,p227,0,0.017154971,0
p227,rejected\p227\p227_104_001.wav,0,p227,0,0.004617941,0
p227,rejected\p227\p227_105_000.wav,0,p227,0,0.01608731,0
p227,rejected\p227\p227_105_001.wav,0,p227,0,0.022001134,0
p227,rejected\p227\p227_106_000.wav,0,p227,0,0.009160788,0
p227,rejected\p227\p227_106_001.wav,0,p227,0,0.00059946213,0
p227,rejected\p227\p227_107_000.wav,0,p227,0,0.022650233,0
p227,rejected\p227\p227_107_001.wav,0,p227,0,0.0010516979,0
p227,rejected\p227\p227_108_000.wav,0,p227,0,0.016991735,0
p227,rejected\p227\p227_108_001.wav,0,p227,0,0.0018035366,0
p227,rejected\p227\p227_109_000.wav,0,p227,0,0.09222341,0
p227,rejected\p227\p227_109_001.wav,0,p227,0,0.00916129,0
p227,rejected\p227\p227_110_000.wav,0,p227,0,0.047292735,0
p227,rejected\p227\p227_110_001.wav,0,p227,0,0.000110092704,0
p227,rejected\p227\p227_111_000.wav,0,p227,0,0.8634792,1
p227,rejected\p227\p227_111_001.wav,0,p227,0,0.0019260728,0
p227,rejected\p227\p227_111_002.wav,0,p227,0,0.035370328,0
p227,rejected\p227\p227_112_000.wav,0,p227,0,0.076684006,0
p227,rejected\p227\p227_112_001.wav,0,p227,0,0.0013843111,0
p227,rejected\p227\p227_113_000.wav,0,p227,0,0.03456871,0
p227,rejected\p227\p227_113_001.wav,0,p227,0,0.0006823143,0
p227,rejected\p227\p227_114_000.wav,0,p227,0,0.071451336,0
p227,rejected\p227\p227_114_001.wav,0,p227,0,0.0066668843,0
p227,rejected\p227\p227_116_000.wav,0,p227,0,0.0006593608,0
p227,rejected\p227\p227_116_001.wav,0,p227,0,0.0012973155,0
p227,rejected\p227\p227_117_000.wav,0,p227,0,0.023269026,0
p227,rejected\p227\p227_117_001.wav,0,p227,0,0.018809555,0
p227,rejected\p227\p227_118_000.wav,0,p227,0,0.018756185,0
p227,rejected\p227\p227_118_001.wav,0,p227,0,0.06619706,0
p227,rejected\p227\p227_119_000.wav,0,p227,0,0.100108,0
p227,rejected\p227\p227_119_001.wav,0,p227,0,0.009314482,0
p228,rejected\p228\p228_102_000.wav,0,p228,0,0.0043535805,0
p228,rejected\p228\p228_102_001.wav,0,p228,0,0.02378325,0
p228,rejected\p228\p228_102_002.wav,0,p228,0,0.00010440579,0
p228,rejected\p228\p228_102_003.wav,0,p228,0,0.14309502,0
p228,rejected\p228\p228_103_000.wav,0,p228,0,0.04611331,0
p228,rejected\p228\p228_103_001.wav,0,p228,0,4.0197115e-06,0
p228,rejected\p228\p228_104_000.wav,0,p228,0,0.0565886,0
p228,rejected\p228\p228_104_001.wav,0,p228,0,0.6712785,1
p228,rejected\p228\p228_104_002.wav,0,p228,0,0.038182013,0
p228,rejected\p228\p228_105_000.wav,0,p228,0,0.056853786,0
p228,rejected\p228\p228_105_001.wav,0,p228,0,0.000690646,0
p228,rejected\p228\p228_105_002.wav,0,p228,0,0.00027915422,0
p228,rejected\p228\p228_106_000.wav,0,p228,0,8.938613e-06,0
p228,rejected\p228\p228_106_001.wav,0,p228,0,0.0009888338,0
p228,rejected\p228\p228_107_000.wav,0,p228,0,0.0012032745,0
p228,rejected\p228\p228_107_001.wav,0,p228,0,0.00019024729,0
p228,rejected\p228\p228_108_000.wav,0,p228,0,0.17500241,0
p228,rejected\p228\p228_108_001.wav,0,p228,0,0.0017966152,0
p228,rejected\p228\p228_108_002.wav,0,p228,0,0.0039052037,0
p228,rejected\p228\p228_109_000.wav,0,p228,0,0.0039825253,0
p228,rejected\p228\p228_109_001.wav,0,p228,0,0.019636195,0
p228,rejected\p228\p228_109_002.wav,0,p228,0,0.00035699617,0
p228,rejected\p228\p228_109_003.wav,0,p228,0,0.00056754553,0
p228,rejected\p228\p228_110_000.wav,0,p228,0,0.026344294,0
p228,rejected\p228\p228_110_001.wav,0,p228,0,0.0064002294,0
p228,rejected\p228\p228_110_002.wav,0,p228,0,0.049162194,0
p228,rejected\p228\p228_111_000.wav,0,p228,0,0.035657063,0
p228,rejected\p228\p228_111_001.wav,0,p228,0,7.0948417e-06,0
p228,rejected\p228\p228_111_002.wav,0,p228,0,0.00491966,0
p228,rejected\p228\p228_111_003.wav,0,p228,0,0.06748732,0
p228,rejected\p228\p228_112_000.wav,0,p228,0,1.203863e-07,0
p228,rejected\p228\p228_112_001.wav,0,p228,0,0.007372334,0
p228,rejected\p228\p228_113_000.wav,0,p228,0,0.38946202,0
p228,rejected\p228\p228_113_001.wav,0,p228,0,0.013575059,0
p228,rejected\p228\p228_113_002.wav,0,p228,0,0.116864026,0
p228,rejected\p228\p228_114_000.wav,0,p228,0,0.16279952,0
p228,rejected\p228\p228_114_001.wav,0,p228,0,0.04434959,0
p228,rejected\p228\p228_115_000.wav,0,p228,0,0.03772607,0
p228,rejected\p228\p228_115_001.wav,0,p228,0,0.0014512747,0
p228,rejected\p228\p228_116_000.wav,0,p228,0,0.0019801192,0
p228,rejected\p228\p228_116_001.wav,0,p228,0,0.0142656565,0
p228,rejected\p228\p228_116_002.wav,0,p228,0,0.006432407,0
p228,rejected\p228\p228_117_000.wav,0,p228,0,0.23037316,0
p228,rejected\p228\p228_117_001.wav,0,p228,0,0.028569046,0
p228,rejected\p228\p228_117_002.wav,0,p228,0,6.3727624e-05,0
p228,rejected\p228\p228_117_003.wav,0,p228,0,0.59845006,1
p230,rejected\p230\p230_108_000.wav,0,p230,0,0.18241182,0
p230,rejected\p230\p230_108_001.wav,0,p230,0,0.0070216395,0
p230,rejected\p230\p230_108_002.wav,0,p230,0,7.017432e-05,0
p230,rejected\p230\p230_109_000.wav,0,p230,0,0.23375542,0
p230,rejected\p230\p230_109_001.wav,0,p230,0,0.0012576713,0
p230,rejected\p230\p230_110_000.wav,0,p230,0,4.661453e-05,0
p230,rejected\p230\p230_110_001.wav,0,p230,0,0.0052033872,0
p230,rejected\p230\p230_110_002.wav,0,p230,0,0.00020769802,0
p230,rejected\p230\p230_110_003.wav,0,p230,0,0.00062455516,0
p230,rejected\p230\p230_113_000.wav,0,p230,0,0.0074842568,0
p230,rejected\p230\p230_113_001.wav,0,p230,0,2.153716e-07,0
p230,rejected\p230\p230_114_000.wav,0,p230,0,0.0065799835,0
p230,rejected\p230\p230_114_001.wav,0,p230,0,0.000142156,0
p230,rejected\p230\p230_115_000.wav,0,p230,0,0.015484103,0
p230,rejected\p230\p230_115_001.wav,0,p230,0,0.00033659465,0
p230,rejected\p230\p230_116_000.wav,0,p230,0,0.11907501,0
p230,rejected\p230\p230_116_001.wav,0,p230,0,0.0024353585,0
p230,rejected\p230\p230_116_002.wav,0,p230,0,0.0013398427,0
p230,rejected\p230\p230_116_003.wav,0,p230,0,0.0001338733,0
p230,rejected\p230\p230_117_000.wav,0,p230,0,0.010498801,0
p230,rejected\p230\p230_117_001.wav,0,p230,0,6.0395087e-05,0
p230,rejected\p230\p230_118_000.wav,0,p230,0,0.2803413,0
p230,rejected\p230\p230_118_001.wav,0,p230,0,0.020631496,0
p230,rejected\p230\p230_119_000.wav,0,p230,0,0.3144539,0
p230,rejected\p230\p230_119_001.wav,0,p230,0,0.00021294966,0
p230,rejected\p230\p230_120_000.wav,0,p230,0,0.03914805,0
p230,rejected\p230\p230_120_001.wav,0,p230,0,6.3106972e-06,0
p230,rejected\p230\p230_120_002.wav,0,p230,0,0.043911267,0
p230,rejected\p230\p230_121_000.wav,0,p230,0,0.01666575,0
p230,rejected\p230\p230_121_001.wav,0,p230,0,0.0032152338,0
p230,rejected\p230\p230_121_002.wav,0,p230,0,1.8786506e-05,0
p230,rejected\p230\p230_122_000.wav,0,p230,0,0.02957643,0
p230,rejected\p230\p230_122_001.wav,0,p230,0,0.0014774984,0
p230,rejected\p230\p230_122_002.wav,0,p230,0,0.061955173,0
p230,rejected\p230\p230_123_000.wav,0,p230,0,0.06273135,0
p230,rejected\p230\p230_123_001.wav,0,p230,0,0.00042236588,0
p230,rejected\p230\p230_124_000.wav,0,p230,0,0.004909851,0
p230,rejected\p230\p230_124_001.wav,0,p230,0,1.1885795e-05,0
p230,rejected\p230\p230_125_000.wav,0,p230,0,0.055877864,0
p230,rejected\p230\p230_125_001.wav,0,p230,0,0.019912725,0
p230,rejected\p230\p230_125_002.wav,0,p230,0,0.031795062,0
p230,rejected\p230\p230_125_003.wav,0,p230,0,0.24975482,0
p230,rejected\p230\p230_126_000.wav,0,p230,0,0.00016319919,0
p230,rejected\p230\p230_126_001.wav,0,p230,0,0.004698002,0
p230,rejected\p230\p230_126_002.wav,0,p230,0,0.20293106,0
p231,rejected\p231\p231_152_000.wav,0,p231,0,0.0011895762,0
p231,rejected\p231\p231_152_001.wav,0,p231,0,8.102371e-06,0
p231,rejected\p231\p231_153_000.wav,0,p231,0,0.1518835,0
p231,rejected\p231\p231_154_000.wav,0,p231,0,0.23303309,0
p231,rejected\p231\p231_155_000.wav,0,p231,0,0.07386952,0
p231,rejected\p231\p231_155_001.wav,0,p231,0,0.010944489,0
p231,rejected\p231\p231_156_000.wav,0,p231,0,0.0022475722,0
p231,rejected\p231\p231_157_000.wav,0,p231,0,0.031282365,0
p231,rejected\p231\p231_157_001.wav,0,p231,0,6.4477017e-06,0
p231,rejected\p231\p231_158_000.wav,0,p231,0,0.011823394,0
p231,rejected\p231\p231_159_000.wav,0,p231,0,0.028530257,0
p231,rejected\p231\p231_160_000.wav,0,p231,0,0.0035454012,0
p231,rejected\p231\p231_161_000.wav,0,p231,0,0.027476842,0
p231,rejected\p231\p231_162_000.wav,0,p231,0,0.0028153479,0
p231,rejected\p231\p231_163_000.wav,0,p231,0,1.3561443e-05,0
p231,rejected\p231\p231_164_000.wav,0,p231,0,2.7534219e-05,0
p231,rejected\p231\p231_165_000.wav,0,p231,0,1.3752125e-05,0
p231,rejected\p231\p231_166_000.wav,0,p231,0,7.3827173e-06,0
p231,rejected\p231\p231_167_000.wav,0,p231,0,0.00030238245,0
p231,rejected\p231\p231_168_000.wav,0,p231,0,3.7834263e-05,0
p231,rejected\p231\p231_168_001.wav,0,p231,0,2.4981018e-05,0
p231,rejected\p231\p231_169_000.wav,0,p231,0,0.0005628453,0
p231,rejected\p231\p231_170_000.wav,0,p231,0,2.9200223e-06,0
p231,rejected\p231\p231_171_000.wav,0,p231,0,0.006835851,0
p231,rejected\p231\p231_171_001.wav,0,p231,0,4.6471705e-06,0
p231,rejected\p231\p231_172_000.wav,0,p231,0,1.2738543e-05,0
p231,rejected\p231\p231_173_000.wav,0,p231,0,0.00052322383,0
p231,rejected\p231\p231_174_000.wav,0,p231,0,0.0015727984,0
p231,rejected\p231\p231_175_000.wav,0,p231,0,2.4092637e-07,0
p231,rejected\p231\p231_175_001.wav,0,p231,0,1.06031415e-07,0
p231,rejected\p231\p231_176_000.wav,0,p231,0,8.432228e-05,0
p231,rejected\p231\p231_177_000.wav,0,p231,0,3.901906e-06,0
p231,rejected\p231\p231_177_001.wav,0,p231,0,1.0642352e-06,0
p231,rejected\p231\p231_178_000.wav,0,p231,0,0.0007734826,0
p231,rejected\p231\p231_179_000.wav,0,p231,0,2.1428546e-06,0
p231,rejected\p231\p231_180_000.wav,0,p231,0,0.0048471317,0
p231,rejected\p231\p231_181_000.wav,0,p231,0,1.086715e-05,0
p231,rejected\p231\p231_183_000.wav,0,p231,0,0.00523915,0
p231,rejected\p231\p231_183_001.wav,0,p231,0,9.067498e-08,0
p231,rejected\p231\p231_184_000.wav,0,p231,0,2.4582732e-06,0
p231,rejected\p231\p231_184_001.wav,0,p231,0,5.338632e-07,0
p231,rejected\p231\p231_185_000.wav,0,p231,0,0.00020469283,0
p231,rejected\p231\p231_185_001.wav,0,p231,0,4.011793e-08,0
p231,rejected\p231\p231_186_000.wav,0,p231,0,0.00051780196,0
p231,rejected\p231\p231_186_001.wav,0,p231,0,0.00023057376,0
p232,rejected\p232\p232_143_000.wav,0,p232,0,0.006999641,0
p232,rejected\p232\p232_144_000.wav,0,p232,0,0.011951235,0
p232,rejected\p232\p232_145_000.wav,0,p232,0,0.044731498,0
p232,rejected\p232\p232_145_001.wav,0,p232,0,9.020441e-05,0
p232,rejected\p232\p232_146_000.wav,0,p232,0,0.37914062,0
p232,rejected\p232\p232_147_000.wav,0,p232,0,0.019773494,0
p232,rejected\p232\p232_147_001.wav,0,p232,0,0.0013923964,0
p232,rejected\p232\p232_148_000.wav,0,p232,0,0.15597637,0
p232,rejected\p232\p232_148_001.wav,0,p232,0,0.00863812,0
p232,rejected\p232\p232_148_002.wav,0,p232,0,0.00017200413,0
p232,rejected\p232\p232_150_000.wav,0,p232,0,0.17128076,0
p232,rejected\p232\p232_151_000.wav,0,p232,0,0.35500157,0
p232,rejected\p232\p232_151_001.wav,0,p232,0,0.0011562142,0
p232,rejected\p232\p232_152_000.wav,0,p232,0,0.006782311,0
p232,rejected\p232\p232_153_000.wav,0,p232,0,0.032288842,0
p232,rejected\p232\p232_154_000.wav,0,p232,0,0.07970321,0
p232,rejected\p232\p232_155_000.wav,0,p232,0,0.0013659748,0
p232,rejected\p232\p232_155_001.wav,0,p232,0,0.0008026107,0
p232,rejected\p232\p232_156_000.wav,0,p232,0,0.0154299475,0
p232,rejected\p232\p232_158_000.wav,0,p232,0,0.0048764287,0
p232,rejected\p232\p232_158_001.wav,0,p232,0,0.0037859199,0
p232,rejected\p232\p232_159_000.wav,0,p232,0,0.06694568,0
p232,rejected\p232\p232_160_000.wav,0,p232,0,0.17794672,0
p232,rejected\p232\p232_160_001.wav,0,p232,0,0.0063706418,0
p232,rejected\p232\p232_160_002.wav,0,p232,0,0.15067942,0
p232,rejected\p232\p232_161_000.wav,0,p232,0,0.016305514,0
p232,rejected\p232\p232_161_001.wav,0,p232,0,0.0013252813,0
p232,rejected\p232\p232_162_000.wav,0,p232,0,0.052269697,0
p232,rejected\p232\p232_163_000.wav,0,p232,0,0.022574335,0
p232,rejected\p232\p232_164_000.wav,0,p232,0,0.0152392015,0
p232,rejected\p232\p232_164_001.wav,0,p232,0,3.354752e-05,0
p232,rejected\p232\p232_165_000.wav,0,p232,0,0.06258842,0
p232,rejected\p232\p232_167_000.wav,0,p232,0,0.0004025587,0
p232,rejected\p232\p232_167_001.wav,0,p232,0,0.0202271,0
p232,rejected\p232\p232_169_000.wav,0,p232,0,0.009541451,0
p232,rejected\p232\p232_169_001.wav,0,p232,0,1.8037983e-05,0
p232,rejected\p232\p232_170_000.wav,0,p232,0,0.010434998,0
p232,rejected\p232\p232_171_000.wav,0,p232,0,0.00082412857,0
p232,rejected\p232\p232_172_000.wav,0,p232,0,0.00041105945,0
p232,rejected\p232\p232_173_000.wav,0,p232,0,0.029139092,0
p232,rejected\p232\p232_174_000.wav,0,p232,0,0.0005145746,0
p232,rejected\p232\p232_175_000.wav,0,p232,0,0.0068530007,0
p232,rejected\p232\p232_175_001.wav,0,p232,0,0.0008982945,0
p232,rejected\p232\p232_176_000.wav,0,p232,0,0.035185076,0
p232,rejected\p232\p232_176_001.wav,0,p232,0,0.00019041114,0
p233,rejected\p233\p233_108_000.wav,0,p233,0,0.0003142477,0
p233,rejected\p233\p233_108_001.wav,0,p233,0,1.3839919e-05,0
p233,rejected\p233\p233_109_000.wav,0,p233,0,0.0028893931,0
p233,rejected\p233\p233_109_001.wav,0,p233,0,8.023969e-06,0
p233,rejected\p233\p233_110_000.wav,0,p233,0,0.0009831444,0
p233,rejected\p233\p233_110_001.wav,0,p233,0,0.00029644903,0
p233,rejected\p233\p233_111_000.wav,0,p233,0,1.6250238e-09,0
p233,rejected\p233\p233_111_001.wav,0,p233,0,1.1026475e-06,0
p233,rejected\p233\p233_111_002.wav,0,p233,0,0.0001136684,0
p233,rejected\p233\p233_112_000.wav,0,p233,0,0.0017853844,0
p233,rejected\p233\p233_112_001.wav,0,p233,0,0.00032701646,0
p233,rejected\p233\p233_113_000.wav,0,p233,0,0.0017925475,0
p233,rejected\p233\p233_113_001.wav,0,p233,0,0.0014488231,0
p233,rejected\p233\p233_114_000.wav,0,p233,0,0.0033689968,0
p233,rejected\p233\p233_115_000.wav,0,p233,0,0.00022868605,0
p233,rejected\p233\p233_115_001.wav,0,p233,0,0.00039090618,0
p233,rejected\p233\p233_116_000.wav,0,p233,0,0.00520089,0
p233,rejected\p233\p233_117_000.wav,0,p233,0,0.0026579432,0
p233,rejected\p233\p233_117_001.wav,0,p233,0,3.1585487e-06,0
p233,rejected\p233\p233_118_000.wav,0,p233,0,0.00024029096,0
p233,rejected\p233\p233_118_001.wav,0,p233,0,3.106634e-05,0
p233,rejected\p233\p233_119_000.wav,0,p233,0,0.0034483958,0
p233,rejected\p233\p233_120_000.wav,0,p233,0,0.00018579727,0
p233,rejected\p233\p233_121_000.wav,0,p233,0,0.0002708815,0
p233,rejected\p233\p233_122_000.wav,0,p233,0,3.6264148e-05,0
p233,rejected\p233\p233_122_001.wav,0,p233,0,4.483916e-06,0
p233,rejected\p233\p233_122_002.wav,0,p233,0,0.00033762696,0
p233,rejected\p233\p233_123_000.wav,0,p233,0,0.0026736534,0
p233,rejected\p233\p233_125_000.wav,0,p233,0,0.006959556,0
p233,rejected\p233\p233_126_000.wav,0,p233,0,0.0007869794,0
p233,rejected\p233\p233_127_000.wav,0,p233,0,0.0035872853,0
p233,rejected\p233\p233_127_001.wav,0,p233,0,0.00024069793,0
p233,rejected\p233\p233_127_002.wav,0,p233,0,2.9997605e-06,0
p233,rejected\p233\p233_128_000.wav,0,p233,0,1.00088155e-05,0
p233,rejected\p233\p233_128_001.wav,0,p233,0,2.8618717e-05,0
p233,rejected\p233\p233_128_002.wav,0,p233,0,2.542473e-06,0
p233,rejected\p233\p233_129_000.wav,0,p233,0,0.003912937,0
p233,rejected\p233\p233_129_001.wav,0,p233,0,3.090371e-05,0
p233,rejected\p233\p233_130_000.wav,0,p233,0,0.0021990517,0
p233,rejected\p233\p233_130_001.wav,0,p233,0,8.1910123e-10,0
p233,rejected\p233\p233_131_000.wav,0,p233,0,4.5832916e-05,0
p233,rejected\p233\p233_131_001.wav,0,p233,0,0.000114266884,0
p233,rejected\p233\p233_131_002.wav,0,p233,0,0.00029039744,0
p233,rejected\p233\p233_132_000.wav,0,p233,0,0.0039890297,0
p233,rejected\p233\p233_132_001.wav,0,p233,0,0.00074903166,0
p236,rejected\p236\p236_136_000.wav,0,p236,0,4.2166193e-05,0
p236,rejected\p236\p236_136_001.wav,0,p236,0,6.030736e-07,0
p236,rejected\p236\p236_137_000.wav,0,p236,0,4.0358495e-07,0
p236,rejected\p236\p236_137_001.wav,0,p236,0,2.2007335e-07,0
p236,rejected\p236\p236_139_000.wav,0,p236,0,0.0025644216,0
p236,rejected\p236\p236_140_000.wav,0,p236,0,4.4468893e-06,0
p236,rejected\p236\p236_140_001.wav,0,p236,0,3.294674e-05,0
p236,rejected\p236\p236_141_000.wav,0,p236,0,3.552185e-06,0
p236,rejected\p236\p236_141_001.wav,0,p236,0,0.00048114543,0
p236,rejected\p236\p236_142_000.wav,0,p236,0,3.1802138e-06,0
p236,rejected\p236\p236_142_001.wav,0,p236,0,6.404651e-05,0
p236,rejected\p236\p236_143_000.wav,0,p236,0,0.003792025,0
p236,rejected\p236\p236_143_001.wav,0,p236,0,0.014065796,0
p236,rejected\p236\p236_144_000.wav,0,p236,0,1.9376303e-05,0
p236,rejected\p236\p236_144_001.wav,0,p236,0,9.680972e-06,0
p236,rejected\p236\p236_145_000.wav,0,p236,0,1.8682793e-05,0
p236,rejected\p236\p236_145_001.wav,0,p236,0,0.0050591347,0
p236,rejected\p236\p236_146_000.wav,0,p236,0,0.00011228966,0
p236,rejected\p236\p236_146_001.wav,0,p236,0,0.00013347637,0
p236,rejected\p236\p236_147_000.wav,0,p236,0,0.0003588981,0
p236,rejected\p236\p236_147_001.wav,0,p236,0,1.1084611e-06,0
p236,rejected\p236\p236_148_000.wav,0,p236,0,4.5850266e-09,0
p236,rejected\p236\p236_148_001.wav,0,p236,0,8.9916546e-05,0
p236,rejected\p236\p236_148_002.wav,0,p236,0,2.665881e-07,0
p236,rejected\p236\p236_149_000.wav,0,p236,0,0.00669801,0
p236,rejected\p236\p236_151_000.wav,0,p236,0,0.00011932701,0
p236,rejected\p236\p236_152_000.wav,0,p236,0,0.00036437222,0
p236,rejected\p236\p236_152_001.wav,0,p236,0,1.1480576e-05,0
p236,rejected\p236\p236_153_000.wav,0,p236,0,0.0027309966,0
p236,rejected\p236\p236_153_001.wav,0,p236,0,0.0011289179,0
p236,rejected\p236\p236_154_000.wav,0,p236,0,0.0005270459,0
p236,rejected\p236\p236_154_001.wav,0,p236,0,9.270155e-05,0
p236,rejected\p236\p236_155_000.wav,0,p236,0,0.00023631306,0
p236,rejected\p236\p236_155_001.wav,0,p236,0,1.22407e-06,0
p236,rejected\p236\p236_156_000.wav,0,p236,0,0.0021365667,0
p236,rejected\p236\p236_157_000.wav,0,p236,0,0.0031024194,0
p236,rejected\p236\p236_158_000.wav,0,p236,0,0.00019120768,0
p236,rejected\p236\p236_159_000.wav,0,p236,0,0.0062329746,0
p236,rejected\p236\p236_161_000.wav,0,p236,0,0.0017692676,0
p236,rejected\p236\p236_161_001.wav,0,p236,0,0.004466719,0
p236,rejected\p236\p236_162_000.wav,0,p236,0,0.00080476236,0
p236,rejected\p236\p236_163_000.wav,0,p236,0,4.3132186e-06,0
p236,rejected\p236\p236_163_001.wav,0,p236,0,1.827227e-07,0
p236,rejected\p236\p236_164_000.wav,0,p236,0,0.0017336409,0
p236,rejected\p236\p236_164_001.wav,0,p236,0,4.8005506e-09,0
p239,accepted\p239\p239_411_000.wav,1,p239,1,0.99950945,1
p239,accepted\p239\p239_411_001.wav,1,p239,1,0.8487586,1
p239,accepted\p239\p239_412_000.wav,1,p239,1,0.95281214,1
p239,accepted\p239\p239_412_001.wav,1,p239,1,0.97527117,1
p239,accepted\p239\p239_413_000.wav,1,p239,1,0.98527825,1
p239,accepted\p239\p239_413_001.wav,1,p239,1,0.9965787,1
p239,accepted\p239\p239_414_000.wav,1,p239,1,0.99932915,1
p239,accepted\p239\p239_414_001.wav,1,p239,1,0.99427,1
p239,accepted\p239\p239_415_000.wav,1,p239,1,0.9591915,1
p239,accepted\p239\p239_415_001.wav,1,p239,1,0.9996827,1
p239,accepted\p239\p239_416_000.wav,1,p239,1,0.999372,1
p239,accepted\p239\p239_417_000.wav,1,p239,1,1.0,1
p239,accepted\p239\p239_418_000.wav,1,p239,1,0.9881565,1
p239,accepted\p239\p239_418_001.wav,1,p239,1,0.99997526,1
p239,accepted\p239\p239_419_000.wav,1,p239,1,0.9874132,1
p239,accepted\p239\p239_419_001.wav,1,p239,1,0.99989486,1
p239,accepted\p239\p239_420_000.wav,1,p239,1,0.999793,1
p239,accepted\p239\p239_421_000.wav,1,p239,1,0.99665093,1
p239,accepted\p239\p239_421_001.wav,1,p239,1,0.9999185,1
p239,accepted\p239\p239_422_000.wav,1,p239,1,0.9779582,1
p239,accepted\p239\p239_422_001.wav,1,p239,1,1.0,1
p239,accepted\p239\p239_423_000.wav,1,p239,1,0.9985097,1
p239,accepted\p239\p239_423_001.wav,1,p239,1,0.9850089,1
p239,accepted\p239\p239_423_002.wav,1,p239,1,0.99971855,1
p239,accepted\p239\p239_424_000.wav,1,p239,1,0.98721504,1
p239,accepted\p239\p239_424_001.wav,1,p239,1,0.9998916,1
p239,accepted\p239\p239_425_000.wav,1,p239,1,0.97252005,1
p239,accepted\p239\p239_425_001.wav,1,p239,1,0.99930155,1
p239,accepted\p239\p239_426_000.wav,1,p239,1,0.9998424,1
p239,accepted\p239\p239_427_000.wav,1,p239,1,0.999938,1
p239,accepted\p239\p239_427_001.wav,1,p239,1,0.9992331,1
p239,accepted\p239\p239_428_000.wav,1,p239,1,0.9999704,1
p239,accepted\p239\p239_428_001.wav,1,p239,1,0.99974054,1
p239,accepted\p239\p239_429_000.wav,1,p239,1,0.9990108,1
p239,accepted\p239\p239_429_001.wav,1,p239,1,0.9927123,1
p239,accepted\p239\p239_430_000.wav,1,p239,1,0.9999616,1
p239,accepted\p239\p239_431_000.wav,1,p239,1,0.96503854,1
p239,accepted\p239\p239_431_001.wav,1,p239,1,0.9928157,1
p239,accepted\p239\p239_432_000.wav,1,p239,1,0.9828595,1
p239,accepted\p239\p239_432_001.wav,1,p239,1,0.9999806,1
p239,accepted\p239\p239_433_000.wav,1,p239,1,0.99999166,1
p239,accepted\p239\p239_433_001.wav,1,p239,1,0.99924815,1
p239,accepted\p239\p239_434_000.wav,1,p239,1,0.9424842,1
p239,accepted\p239\p239_434_001.wav,1,p239,1,0.99999094,1
p239,accepted\p239\p239_435_000.wav,1,p239,1,0.9998734,1
p239,accepted\p239\p239_435_001.wav,1,p239,1,0.99998826,1
p239,accepted\p239\p239_436_000.wav,1,p239,1,0.9643915,1
p239,accepted\p239\p239_436_001.wav,1,p239,1,0.9996129,1
p239,accepted\p239\p239_437_000.wav,1,p239,1,0.99973255,1
p239,accepted\p239\p239_437_001.wav,1,p239,1,0.99994576,1
p239,accepted\p239\p239_438_000.wav,1,p239,1,0.9978485,1
p239,accepted\p239\p239_438_001.wav,1,p239,1,0.99999964,1
p239,accepted\p239\p239_439_000.wav,1,p239,1,0.9587591,1
p239,accepted\p239\p239_439_001.wav,1,p239,1,0.9999567,1
p239,accepted\p239\p239_440_000.wav,1,p239,1,0.9627276,1
p239,accepted\p239\p239_441_000.wav,1,p239,1,0.99859273,1
p239,accepted\p239\p239_441_001.wav,1,p239,1,0.99990404,1
p239,accepted\p239\p239_442_000.wav,1,p239,1,0.3282692,0
p239,accepted\p239\p239_442_001.wav,1,p239,1,0.99658674,1
p239,accepted\p239\p239_443_000.wav,1,p239,1,0.99968636,1
p239,accepted\p239\p239_444_000.wav,1,p239,1,0.99998844,1
p239,accepted\p239\p239_444_001.wav,1,p239,1,0.9998377,1
p239,accepted\p239\p239_445_000.wav,1,p239,1,0.9635363,1
p239,accepted\p239\p239_445_001.wav,1,p239,1,0.9955503,1
p239,accepted\p239\p239_446_000.wav,1,p239,1,0.9992854,1
p239,accepted\p239\p239_446_001.wav,1,p239,1,0.8000698,1
p239,accepted\p239\p239_447_000.wav,1,p239,1,0.79313254,1
p239,accepted\p239\p239_448_000.wav,1,p239,1,0.6917462,1
p239,accepted\p239\p239_448_001.wav,1,p239,1,0.9999989,1
p239,accepted\p239\p239_449_000.wav,1,p239,1,0.9982126,1
p239,accepted\p239\p239_449_001.wav,1,p239,1,0.9999982,1
p239,accepted\p239\p239_450_000.wav,1,p239,1,0.8715549,1
p239,accepted\p239\p239_450_001.wav,1,p239,1,0.9557483,1
p239,accepted\p239\p239_451_000.wav,1,p239,1,0.9999575,1
p239,accepted\p239\p239_452_000.wav,1,p239,1,0.99156785,1
p239,accepted\p239\p239_453_000.wav,1,p239,1,0.9996581,1
p239,accepted\p239\p239_454_000.wav,1,p239,1,0.029066367,0
p239,accepted\p239\p239_454_001.wav,1,p239,1,0.9846803,1
p239,accepted\p239\p239_455_000.wav,1,p239,1,0.9894731,1
p239,accepted\p239\p239_456_000.wav,1,p239,1,0.9927623,1
p239,accepted\p239\p239_457_000.wav,1,p239,1,0.99355555,1
p239,accepted\p239\p239_458_000.wav,1,p239,1,0.85976803,1
p239,accepted\p239\p239_458_001.wav,1,p239,1,0.9998639,1
p239,accepted\p239\p239_459_000.wav,1,p239,1,0.99143296,1
p239,accepted\p239\p239_459_001.wav,1,p239,1,0.96983343,1
p239,accepted\p239\p239_460_000.wav,1,p239,1,0.9998993,1
p239,accepted\p239\p239_460_001.wav,1,p239,1,0.99643534,1
p239,accepted\p239\p239_460_002.wav,1,p239,1,0.9998667,1
p239,accepted\p239\p239_461_000.wav,1,p239,1,0.23578803,0
p239,accepted\p239\p239_461_001.wav,1,p239,1,0.99868494,1
p239,accepted\p239\p239_462_000.wav,1,p239,1,0.99861866,1
p239,accepted\p239\p239_462_001.wav,1,p239,1,0.91010857,1
p239,accepted\p239\p239_463_000.wav,1,p239,1,0.6887975,1
p239,accepted\p239\p239_463_001.wav,1,p239,1,0.9999998,1
p239,accepted\p239\p239_464_000.wav,1,p239,1,0.99656934,1
p239,accepted\p239\p239_464_001.wav,1,p239,1,0.9987595,1
p239,accepted\p239\p239_464_002.wav,1,p239,1,0.99953014,1
p239,accepted\p239\p239_465_000.wav,1,p239,1,0.9393563,1
p239,accepted\p239\p239_465_001.wav,1,p239,1,0.99908155,1
p239,accepted\p239\p239_466_000.wav,1,p239,1,0.9861719,1
p239,accepted\p239\p239_466_001.wav,1,p239,1,0.4343506,0
p239,accepted\p239\p239_467_000.wav,1,p239,1,0.99904054,1
p239,accepted\p239\p239_467_001.wav,1,p239,1,0.99325067,1
p239,accepted\p239\p239_467_002.wav,1,p239,1,0.9993406,1
p239,accepted\p239\p239_468_000.wav,1,p239,1,0.9980915,1
p239,accepted\p239\p239_468_001.wav,1,p239,1,0.9999973,1
p239,accepted\p239\p239_469_000.wav,1,p239,1,0.9980957,1
p239,accepted\p239\p239_469_001.wav,1,p239,1,0.9998372,1
p239,accepted\p239\p239_470_000.wav,1,p239,1,0.89060664,1
p239,accepted\p239\p239_470_001.wav,1,p239,1,0.9999893,1
p239,accepted\p239\p239_471_000.wav,1,p239,1,0.9961431,1
p239,accepted\p239\p239_472_000.wav,1,p239,1,0.34846917,0
p239,accepted\p239\p239_472_001.wav,1,p239,1,0.18944974,0
p239,accepted\p239\p239_473_000.wav,1,p239,1,0.9837692,1
p239,accepted\p239\p239_473_001.wav,1,p239,1,0.82075775,1
p239,accepted\p239\p239_474_000.wav,1,p239,1,0.9985886,1
p239,accepted\p239\p239_474_001.wav,1,p239,1,0.9943503,1
p239,accepted\p239\p239_474_002.wav,1,p239,1,0.8824337,1
p239,accepted\p239\p239_475_000.wav,1,p239,1,0.4667105,0
p239,accepted\p239\p239_476_000.wav,1,p239,1,0.99661684,1
p239,accepted\p239\p239_476_001.wav,1,p239,1,0.99761844,1
p239,accepted\p239\p239_477_000.wav,1,p239,1,0.9910131,1
p239,accepted\p239\p239_477_001.wav,1,p239,1,0.9917379,1
p239,accepted\p239\p239_478_000.wav,1,p239,1,0.72256804,1
p239,accepted\p239\p239_478_001.wav,1,p239,1,0.9999764,1
p239,accepted\p239\p239_479_000.wav,1,p239,1,0.9967099,1
p239,accepted\p239\p239_479_001.wav,1,p239,1,0.9999777,1
p239,accepted\p239\p239_480_000.wav,1,p239,1,0.99983406,1
p239,accepted\p239\p239_480_001.wav,1,p239,1,0.9998574,1
p239,accepted\p239\p239_481_000.wav,1,p239,1,0.7154987,1
p239,accepted\p239\p239_481_001.wav,1,p239,1,0.9957235,1
p239,accepted\p239\p239_482_000.wav,1,p239,1,0.99352187,1
p239,accepted\p239\p239_482_001.wav,1,p239,1,0.9482677,1
p239,accepted\p239\p239_483_000.wav,1,p239,1,0.9936177,1
p239,accepted\p239\p239_483_001.wav,1,p239,1,0.9925094,1
p243,accepted\p243\p243_311_000.wav,1,p243,1,0.82873815,1
p243,accepted\p243\p243_311_001.wav,1,p243,1,0.9998628,1
p243,accepted\p243\p243_312_000.wav,1,p243,1,0.8405763,1
p243,accepted\p243\p243_312_001.wav,1,p243,1,0.9999909,1
p243,accepted\p243\p243_313_000.wav,1,p243,1,0.99999785,1
p243,accepted\p243\p243_313_001.wav,1,p243,1,0.99625206,1
p243,accepted\p243\p243_314_000.wav,1,p243,1,0.99924546,1
p243,accepted\p243\p243_314_001.wav,1,p243,1,0.9999989,1
p243,accepted\p243\p243_315_000.wav,1,p243,1,0.9280794,1
p243,accepted\p243\p243_315_001.wav,1,p243,1,0.9999929,1
p243,accepted\p243\p243_316_000.wav,1,p243,1,0.98917884,1
p243,accepted\p243\p243_316_001.wav,1,p243,1,0.84783626,1
p243,accepted\p243\p243_318_000.wav,1,p243,1,0.9859642,1
p243,accepted\p243\p243_318_001.wav,1,p243,1,0.99999994,1
p243,accepted\p243\p243_319_000.wav,1,p243,1,0.99765104,1
p243,accepted\p243\p243_319_001.wav,1,p243,1,0.984723,1
p243,accepted\p243\p243_319_002.wav,1,p243,1,0.9999994,1
p243,accepted\p243\p243_320_000.wav,1,p243,1,0.9999945,1
p243,accepted\p243\p243_320_001.wav,1,p243,1,1.0,1
p243,accepted\p243\p243_320_002.wav,1,p243,1,0.9988132,1
p243,accepted\p243\p243_321_000.wav,1,p243,1,0.9912993,1
p243,accepted\p243\p243_321_001.wav,1,p243,1,0.99827254,1
p243,accepted\p243\p243_321_002.wav,1,p243,1,0.9999998,1
p243,accepted\p243\p243_322_000.wav,1,p243,1,0.99923277,1
p243,accepted\p243\p243_322_001.wav,1,p243,1,0.9870175,1
p243,accepted\p243\p243_323_000.wav,1,p243,1,0.9762558,1
p243,accepted\p243\p243_323_001.wav,1,p243,1,0.99999875,1
p243,accepted\p243\p243_324_000.wav,1,p243,1,0.80188465,1
p243,accepted\p243\p243_324_001.wav,1,p243,1,0.99996597,1
p243,accepted\p243\p243_324_002.wav,1,p243,1,0.88852084,1
p243,accepted\p243\p243_325_000.wav,1,p243,1,0.99976206,1
p243,accepted\p243\p243_325_001.wav,1,p243,1,0.99998415,1
p243,accepted\p243\p243_325_002.wav,1,p243,1,0.9631958,1
p243,accepted\p243\p243_326_000.wav,1,p243,1,0.9999909,1
p243,accepted\p243\p243_326_001.wav,1,p243,1,0.9097245,1
p243,accepted\p243\p243_328_000.wav,1,p243,1,0.99960494,1
p243,accepted\p243\p243_328_001.wav,1,p243,1,0.9999371,1
p243,accepted\p243\p243_329_000.wav,1,p243,1,0.99989516,1
p243,accepted\p243\p243_329_001.wav,1,p243,1,0.99769753,1
p243,accepted\p243\p243_330_000.wav,1,p243,1,0.99367565,1
p243,accepted\p243\p243_330_001.wav,1,p243,1,0.99645334,1
p243,accepted\p243\p243_330_002.wav,1,p243,1,0.9999925,1
p243,accepted\p243\p243_331_000.wav,1,p243,1,0.3005183,0
p243,accepted\p243\p243_331_001.wav,1,p243,1,0.99995464,1
p243,accepted\p243\p243_331_002.wav,1,p243,1,0.99995995,1
p243,accepted\p243\p243_332_000.wav,1,p243,1,0.7148346,1
p243,accepted\p243\p243_332_001.wav,1,p243,1,0.9832549,1
p243,accepted\p243\p243_332_002.wav,1,p243,1,1.0,1
p243,accepted\p243\p243_333_000.wav,1,p243,1,0.9963936,1
p243,accepted\p243\p243_333_001.wav,1,p243,1,0.9863536,1
p243,accepted\p243\p243_333_002.wav,1,p243,1,0.9999997,1
p243,accepted\p243\p243_334_000.wav,1,p243,1,0.9328092,1
p243,accepted\p243\p243_334_001.wav,1,p243,1,0.8972671,1
p243,accepted\p243\p243_334_002.wav,1,p243,1,0.99910253,1
p243,accepted\p243\p243_334_003.wav,1,p243,1,0.9999788,1
p243,accepted\p243\p243_335_000.wav,1,p243,1,0.9318992,1
p243,accepted\p243\p243_335_001.wav,1,p243,1,0.9999998,1
p243,accepted\p243\p243_335_002.wav,1,p243,1,0.9993553,1
p243,accepted\p243\p243_336_000.wav,1,p243,1,0.9999309,1
p243,accepted\p243\p243_336_001.wav,1,p243,1,0.9996372,1
p243,accepted\p243\p243_337_000.wav,1,p243,1,0.9975729,1
p243,accepted\p243\p243_337_001.wav,1,p243,1,0.99996036,1
p243,accepted\p243\p243_338_000.wav,1,p243,1,0.9876306,1
p243,accepted\p243\p243_339_000.wav,1,p243,1,0.99999815,1
p243,accepted\p243\p243_340_000.wav,1,p243,1,0.9630686,1
p243,accepted\p243\p243_341_000.wav,1,p243,1,0.91414726,1
p243,accepted\p243\p243_341_001.wav,1,p243,1,0.99998415,1
p243,accepted\p243\p243_342_000.wav,1,p243,1,0.9983788,1
p243,accepted\p243\p243_342_001.wav,1,p243,1,0.99999976,1
p243,accepted\p243\p243_343_000.wav,1,p243,1,0.9818858,1
p243,accepted\p243\p243_343_001.wav,1,p243,1,0.99999994,1
p243,accepted\p243\p243_344_000.wav,1,p243,1,0.9518532,1
p243,accepted\p243\p243_344_001.wav,1,p243,1,0.9999964,1
p243,accepted\p243\p243_344_002.wav,1,p243,1,0.99537265,1
p243,accepted\p243\p243_345_000.wav,1,p243,1,0.9999679,1
p243,accepted\p243\p243_345_001.wav,1,p243,1,1.0,1
p243,accepted\p243\p243_345_002.wav,1,p243,1,1.0,1
p243,accepted\p243\p243_346_000.wav,1,p243,1,0.9999216,1
p243,accepted\p243\p243_346_001.wav,1,p243,1,0.9999974,1
p243,accepted\p243\p243_347_000.wav,1,p243,1,0.99967605,1
p243,accepted\p243\p243_347_001.wav,1,p243,1,0.9463018,1
p243,accepted\p243\p243_347_002.wav,1,p243,1,0.9999999,1
p243,accepted\p243\p243_348_000.wav,1,p243,1,0.99996495,1
p243,accepted\p243\p243_348_001.wav,1,p243,1,0.99999154,1
p243,accepted\p243\p243_349_000.wav,1,p243,1,0.94605345,1
p243,accepted\p243\p243_349_001.wav,1,p243,1,0.9999529,1
p243,accepted\p243\p243_349_002.wav,1,p243,1,0.9994021,1
p243,accepted\p243\p243_350_000.wav,1,p243,1,0.99939746,1
p243,accepted\p243\p243_350_001.wav,1,p243,1,0.99984264,1
p243,accepted\p243\p243_352_000.wav,1,p243,1,0.9999876,1
p243,accepted\p243\p243_352_001.wav,1,p243,1,0.99999994,1
p243,accepted\p243\p243_353_000.wav,1,p243,1,0.99991596,1
p243,accepted\p243\p243_353_001.wav,1,p243,1,0.99999404,1
p243,accepted\p243\p243_353_002.wav,1,p243,1,0.9998383,1
p243,accepted\p243\p243_353_003.wav,1,p243,1,0.99998754,1
p243,accepted\p243\p243_354_000.wav,1,p243,1,0.9998756,1
p243,accepted\p243\p243_354_001.wav,1,p243,1,0.9956231,1
p243,accepted\p243\p243_355_000.wav,1,p243,1,0.6432812,1
p243,accepted\p243\p243_355_001.wav,1,p243,1,0.9999959,1
p243,accepted\p243\p243_355_002.wav,1,p243,1,0.9866285,1
p243,accepted\p243\p243_356_000.wav,1,p243,1,0.9983146,1
p243,accepted\p243\p243_356_001.wav,1,p243,1,0.9999996,1
p243,accepted\p243\p243_356_002.wav,1,p243,1,0.99955505,1
p243,accepted\p243\p243_357_000.wav,1,p243,1,0.99864674,1
p243,accepted\p243\p243_357_001.wav,1,p243,1,0.97997916,1
p243,accepted\p243\p243_358_000.wav,1,p243,1,0.974027,1
p243,accepted\p243\p243_358_001.wav,1,p243,1,1.0,1
p243,accepted\p243\p243_359_000.wav,1,p243,1,0.9547775,1
p243,accepted\p243\p243_359_001.wav,1,p243,1,0.99999976,1
p243,accepted\p243\p243_359_002.wav,1,p243,1,0.9997148,1
p243,accepted\p243\p243_360_000.wav,1,p243,1,0.7084789,1
p243,accepted\p243\p243_360_001.wav,1,p243,1,0.8618113,1
p243,accepted\p243\p243_361_000.wav,1,p243,1,0.9651184,1
p243,accepted\p243\p243_361_001.wav,1,p243,1,0.9923817,1
p243,accepted\p243\p243_362_000.wav,1,p243,1,0.99998236,1
p243,accepted\p243\p243_362_001.wav,1,p243,1,0.9999986,1
p243,accepted\p243\p243_363_000.wav,1,p243,1,0.99867845,1
p243,accepted\p243\p243_363_001.wav,1,p243,1,0.98834455,1
p243,accepted\p243\p243_364_000.wav,1,p243,1,0.99999964,1
p243,accepted\p243\p243_364_001.wav,1,p243,1,0.9998777,1
p243,accepted\p243\p243_365_000.wav,1,p243,1,0.99996257,1
p243,accepted\p243\p243_365_001.wav,1,p243,1,0.99999756,1
p243,accepted\p243\p243_365_002.wav,1,p243,1,0.9999962,1
p243,accepted\p243\p243_366_000.wav,1,p243,1,0.99904776,1
p243,accepted\p243\p243_366_001.wav,1,p243,1,0.99935323,1
p243,accepted\p243\p243_367_000.wav,1,p243,1,0.99997765,1
p243,accepted\p243\p243_367_001.wav,1,p243,1,0.7007132,1
p243,accepted\p243\p243_367_002.wav,1,p243,1,0.9999994,1
p243,accepted\p243\p243_368_000.wav,1,p243,1,0.9921309,1
p243,accepted\p243\p243_368_001.wav,1,p243,1,0.9999874,1
p243,accepted\p243\p243_369_000.wav,1,p243,1,0.99974227,1
p243,accepted\p243\p243_369_001.wav,1,p243,1,0.99998057,1
p243,accepted\p243\p243_369_002.wav,1,p243,1,0.9998162,1
p243,accepted\p243\p243_370_000.wav,1,p243,1,0.99307513,1
p243,accepted\p243\p243_370_001.wav,1,p243,1,0.91005224,1
p244,rejected\p244\p244_123_000.wav,0,p244,0,4.635145e-06,0
p244,rejected\p244\p244_123_001.wav,0,p244,0,9.630038e-05,0
p244,rejected\p244\p244_123_002.wav,0,p244,0,0.005071306,0
p244,rejected\p244\p244_126_000.wav,0,p244,0,2.8114699e-05,0
p244,rejected\p244\p244_126_001.wav,0,p244,0,0.003194611,0
p244,rejected\p244\p244_127_000.wav,0,p244,0,5.954061e-07,0
p244,rejected\p244\p244_127_001.wav,0,p244,0,3.335503e-06,0
p244,rejected\p244\p244_128_000.wav,0,p244,0,0.00079877255,0
p244,rejected\p244\p244_128_001.wav,0,p244,0,5.8488813e-06,0
p244,rejected\p244\p244_130_000.wav,0,p244,0,0.19934893,0
p244,rejected\p244\p244_130_001.wav,0,p244,0,0.00020225145,0
p244,rejected\p244\p244_130_002.wav,0,p244,0,5.0219525e-05,0
p244,rejected\p244\p244_131_000.wav,0,p244,0,3.8774313e-05,0
p244,rejected\p244\p244_131_001.wav,0,p244,0,0.000103615916,0
p244,rejected\p244\p244_131_002.wav,0,p244,0,0.00010926772,0
p244,rejected\p244\p244_132_000.wav,0,p244,0,9.5739466e-05,0
p244,rejected\p244\p244_133_000.wav,0,p244,0,0.001210419,0
p244,rejected\p244\p244_134_000.wav,0,p244,0,1.6332613e-05,0
p244,rejected\p244\p244_134_001.wav,0,p244,0,7.328307e-05,0
p244,rejected\p244\p244_135_000.wav,0,p244,0,0.011667898,0
p244,rejected\p244\p244_136_000.wav,0,p244,0,0.008872914,0
p244,rejected\p244\p244_136_001.wav,0,p244,0,1.45908e-06,0
p244,rejected\p244\p244_137_000.wav,0,p244,0,0.0040113814,0
p244,rejected\p244\p244_138_000.wav,0,p244,0,2.0953414e-07,0
p244,rejected\p244\p244_139_000.wav,0,p244,0,6.94769e-05,0
p244,rejected\p244\p244_140_000.wav,0,p244,0,0.00086537097,0
p244,rejected\p244\p244_141_000.wav,0,p244,0,8.2598795e-05,0
p244,rejected\p244\p244_141_001.wav,0,p244,0,9.4664e-07,0
p244,rejected\p244\p244_142_000.wav,0,p244,0,0.0042135883,0
p244,rejected\p244\p244_143_000.wav,0,p244,0,6.577514e-05,0
p244,rejected\p244\p244_143_001.wav,0,p244,0,2.6154507e-06,0
p244,rejected\p244\p244_143_002.wav,0,p244,0,0.0005256808,0
p244,rejected\p244\p244_144_000.wav,0,p244,0,0.00014700572,0
p244,rejected\p244\p244_145_000.wav,0,p244,0,1.530404e-05,0
p244,rejected\p244\p244_146_000.wav,0,p244,0,0.0075423,0
p244,rejected\p244\p244_146_001.wav,0,p244,0,0.000102348145,0
p244,rejected\p244\p244_146_002.wav,0,p244,0,0.0015863548,0
p244,rejected\p244\p244_147_000.wav,0,p244,0,0.0014049823,0
p244,rejected\p244\p244_147_001.wav,0,p244,0,0.0006106267,0
p244,rejected\p244\p244_147_002.wav,0,p244,0,0.008403463,0
p244,rejected\p244\p244_148_000.wav,0,p244,0,0.00012982727,0
p244,rejected\p244\p244_148_001.wav,0,p244,0,0.00031046517,0
p244,rejected\p244\p244_149_000.wav,0,p244,0,0.013862389,0
p244,rejected\p244\p244_149_001.wav,0,p244,0,1.907013e-08,0
p244,rejected\p244\p244_150_000.wav,0,p244,0,9.069155e-05,0
p250,rejected\p250\p250_138_000.wav,0,p250,0,0.01945402,0
p250,rejected\p250\p250_138_001.wav,0,p250,0,0.008181698,0
p250,rejected\p250\p250_140_000.wav,0,p250,0,0.25553575,0
p250,rejected\p250\p250_140_001.wav,0,p250,0,4.0627576e-05,0
p250,rejected\p250\p250_141_000.wav,0,p250,0,0.0025346112,0
p250,rejected\p250\p250_141_001.wav,0,p250,0,0.012638978,0
p250,rejected\p250\p250_142_000.wav,0,p250,0,0.019412875,0
p250,rejected\p250\p250_143_000.wav,0,p250,0,0.000120878234,0
p250,rejected\p250\p250_144_000.wav,0,p250,0,0.12290614,0
p250,rejected\p250\p250_146_000.wav,0,p250,0,0.00078952586,0
p250,rejected\p250\p250_147_000.wav,0,p250,0,0.00012816966,0
p250,rejected\p250\p250_148_000.wav,0,p250,0,0.032059405,0
p250,rejected\p250\p250_149_000.wav,0,p250,0,0.0026618266,0
p250,rejected\p250\p250_149_001.wav,0,p250,0,0.00011474633,0
p250,rejected\p250\p250_150_000.wav,0,p250,0,0.008551625,0
p250,rejected\p250\p250_151_000.wav,0,p250,0,0.0069050114,0
p250,rejected\p250\p250_152_000.wav,0,p250,0,0.0032578504,0
p250,rejected\p250\p250_153_000.wav,0,p250,0,0.0053017368,0
p250,rejected\p250\p250_154_000.wav,0,p250,0,9.245204e-06,0
p250,rejected\p250\p250_155_000.wav,0,p250,0,0.07000689,0
p250,rejected\p250\p250_156_000.wav,0,p250,0,0.057635453,0
p250,rejected\p250\p250_157_000.wav,0,p250,0,0.05350512,0
p250,rejected\p250\p250_158_000.wav,0,p250,0,0.00019886164,0
p250,rejected\p250\p250_159_000.wav,0,p250,0,0.0044648214,0
p250,rejected\p250\p250_159_001.wav,0,p250,0,0.06216728,0
p250,rejected\p250\p250_160_000.wav,0,p250,0,0.009072634,0
p250,rejected\p250\p250_161_000.wav,0,p250,0,0.085096344,0
p250,rejected\p250\p250_162_000.wav,0,p250,0,0.036174938,0
p250,rejected\p250\p250_163_000.wav,0,p250,0,0.015546019,0
p250,rejected\p250\p250_164_000.wav,0,p250,0,0.033649176,0
p250,rejected\p250\p250_164_001.wav,0,p250,0,0.0032063713,0
p250,rejected\p250\p250_165_000.wav,0,p250,0,0.00034654237,0
p250,rejected\p250\p250_166_000.wav,0,p250,0,0.00084654265,0
p250,rejected\p250\p250_167_000.wav,0,p250,0,2.9259203e-05,0
p250,rejected\p250\p250_168_000.wav,0,p250,0,0.00091378315,0
p250,rejected\p250\p250_169_000.wav,0,p250,0,0.0026656322,0
p250,rejected\p250\p250_170_000.wav,0,p250,0,0.0026940412,0
p250,rejected\p250\p250_170_001.wav,0,p250,0,0.0022961511,0
p250,rejected\p250\p250_171_000.wav,0,p250,0,0.7363366,1
p250,rejected\p250\p250_172_000.wav,0,p250,0,3.8245034e-06,0
p250,rejected\p250\p250_172_001.wav,0,p250,0,4.545961e-05,0
p250,rejected\p250\p250_172_002.wav,0,p250,0,8.030321e-05,0
p250,rejected\p250\p250_173_000.wav,0,p250,0,0.034871574,0
p250,rejected\p250\p250_173_001.wav,0,p250,0,0.00029341452,0
p250,rejected\p250\p250_173_002.wav,0,p250,0,0.00038401264,0
p254,rejected\p254\p254_123_000.wav,0,p254,0,3.4421998e-15,0
p254,rejected\p254\p254_123_001.wav,0,p254,0,9.829384e-25,0
p254,rejected\p254\p254_123_002.wav,0,p254,0,2.4594218e-13,0
p254,rejected\p254\p254_124_000.wav,0,p254,0,0.3216414,0
p254,rejected\p254\p254_124_001.wav,0,p254,0,1.9928622e-05,0
p254,rejected\p254\p254_124_002.wav,0,p254,0,5.7977415e-24,0
p254,rejected\p254\p254_124_003.wav,0,p254,0,9.235067e-10,0
p254,rejected\p254\p254_125_000.wav,0,p254,0,1.8668411e-09,0
p254,rejected\p254\p254_125_001.wav,0,p254,0,6.28721e-13,0
p254,rejected\p254\p254_127_000.wav,0,p254,0,4.1849124e-12,0
p254,rejected\p254\p254_128_000.wav,0,p254,0,0.00010846361,0
p254,rejected\p254\p254_128_001.wav,0,p254,0,7.2934155e-13,0
p254,rejected\p254\p254_128_002.wav,0,p254,0,0.4223803,0
p254,rejected\p254\p254_129_000.wav,0,p254,0,0.0054019764,0
p254,rejected\p254\p254_129_001.wav,0,p254,0,6.404882e-13,0
p254,rejected\p254\p254_130_000.wav,0,p254,0,3.2942453e-06,0
p254,rejected\p254\p254_130_001.wav,0,p254,0,7.549698e-22,0
p254,rejected\p254\p254_130_002.wav,0,p254,0,4.7782166e-16,0
p254,rejected\p254\p254_131_000.wav,0,p254,0,8.2622755e-19,0
p254,rejected\p254\p254_132_000.wav,0,p254,0,4.2429463e-07,0
p254,rejected\p254\p254_133_000.wav,0,p254,0,1.5251076e-06,0
p254,rejected\p254\p254_133_001.wav,0,p254,0,1.352464e-18,0
p254,rejected\p254\p254_134_000.wav,0,p254,0,8.944001e-11,0
p254,rejected\p254\p254_135_000.wav,0,p254,0,1.2928743e-06,0
p254,rejected\p254\p254_135_001.wav,0,p254,0,3.988553e-19,0
p254,rejected\p254\p254_136_000.wav,0,p254,0,4.2246717e-14,0
p254,rejected\p254\p254_136_001.wav,0,p254,0,9.1873446e-15,0
p254,rejected\p254\p254_137_000.wav,0,p254,0,5.011827e-09,0
p254,rejected\p254\p254_137_001.wav,0,p254,0,1.9721472e-15,0
p254,rejected\p254\p254_139_000.wav,0,p254,0,3.0247773e-09,0
p254,rejected\p254\p254_139_001.wav,0,p254,0,9.248976e-25,0
p254,rejected\p254\p254_139_002.wav,0,p254,0,1.541258e-21,0
p254,rejected\p254\p254_141_000.wav,0,p254,0,7.912268e-08,0
p254,rejected\p254\p254_141_001.wav,0,p254,0,1.28802245e-17,0
p254,rejected\p254\p254_143_000.wav,0,p254,0,2.1584632e-14,0
p254,rejected\p254\p254_143_001.wav,0,p254,0,3.167042e-06,0
p254,rejected\p254\p254_144_000.wav,0,p254,0,4.6966747e-10,0
p254,rejected\p254\p254_145_000.wav,0,p254,0,4.3654702e-12,0
p254,rejected\p254\p254_145_001.wav,0,p254,0,8.883713e-11,0
p254,rejected\p254\p254_145_002.wav,0,p254,0,2.7361642e-16,0
p254,rejected\p254\p254_146_000.wav,0,p254,0,1.4991236e-11,0
p254,rejected\p254\p254_147_000.wav,0,p254,0,6.719285e-11,0
p254,rejected\p254\p254_148_000.wav,0,p254,0,6.359582e-18,0
p254,rejected\p254\p254_149_000.wav,0,p254,0,3.9773217e-13,0
p254,rejected\p254\p254_149_001.wav,0,p254,0,2.1109098e-17,0
p256,rejected\p256\p256_094_000.wav,0,p256,0,0.11525738,0
p256,rejected\p256\p256_094_001.wav,0,p256,0,9.968133e-10,0
p256,rejected\p256\p256_094_002.wav,0,p256,0,9.0235795e-14,0
p256,rejected\p256\p256_095_000.wav,0,p256,0,4.270702e-08,0
p256,rejected\p256\p256_095_001.wav,0,p256,0,6.687219e-11,0
p256,rejected\p256\p256_096_000.wav,0,p256,0,0.028240673,0
p256,rejected\p256\p256_096_001.wav,0,p256,0,6.12863e-05,0
p256,rejected\p256\p256_096_002.wav,0,p256,0,1.6414937e-09,0
p256,rejected\p256\p256_097_000.wav,0,p256,0,4.533038e-07,0
p256,rejected\p256\p256_097_001.wav,0,p256,0,0.0006035382,0
p256,rejected\p256\p256_099_000.wav,0,p256,0,2.6738051e-05,0
p256,rejected\p256\p256_100_000.wav,0,p256,0,4.1170066e-12,0
p256,rejected\p256\p256_101_000.wav,0,p256,0,4.2878463e-07,0
p256,rejected\p256\p256_101_001.wav,0,p256,0,6.557148e-08,0
p256,rejected\p256\p256_102_000.wav,0,p256,0,1.5801234e-14,0
p256,rejected\p256\p256_103_000.wav,0,p256,0,0.012959846,0
p256,rejected\p256\p256_103_001.wav,0,p256,0,1.16602535e-11,0
p256,rejected\p256\p256_103_002.wav,0,p256,0,1.2599621e-10,0
p256,rejected\p256\p256_104_000.wav,0,p256,0,0.00424168,0
p256,rejected\p256\p256_104_001.wav,0,p256,0,2.6322258e-13,0
p256,rejected\p256\p256_105_000.wav,0,p256,0,2.3638153e-12,0
p256,rejected\p256\p256_105_001.wav,0,p256,0,3.848292e-08,0
p256,rejected\p256\p256_105_002.wav,0,p256,0,1.5879478e-11,0
p256,rejected\p256\p256_106_000.wav,0,p256,0,0.7579955,1
p256,rejected\p256\p256_106_001.wav,0,p256,0,0.5155264,1
p256,rejected\p256\p256_107_000.wav,0,p256,0,0.003456802,0
p256,rejected\p256\p256_108_000.wav,0,p256,0,6.313677e-05,0
p256,rejected\p256\p256_108_001.wav,0,p256,0,8.286194e-13,0
p256,rejected\p256\p256_109_000.wav,0,p256,0,0.08697525,0
p256,rejected\p256\p256_109_001.wav,0,p256,0,0.009998517,0
p256,rejected\p256\p256_109_002.wav,0,p256,0,3.7978978e-08,0
p256,rejected\p256\p256_110_000.wav,0,p256,0,1.8884524e-11,0
p256,rejected\p256\p256_110_001.wav,0,p256,0,8.126432e-14,0
p256,rejected\p256\p256_111_000.wav,0,p256,0,0.32771125,0
p256,rejected\p256\p256_111_001.wav,0,p256,0,9.232063e-16,0
p256,rejected\p256\p256_112_000.wav,0,p256,0,3.7598597e-06,0
p256,rejected\p256\p256_112_001.wav,0,p256,0,1.1909138e-07,0
p256,rejected\p256\p256_113_000.wav,0,p256,0,0.0010558522,0
p256,rejected\p256\p256_113_001.wav,0,p256,0,3.0404042e-05,0
p256,rejected\p256\p256_114_000.wav,0,p256,0,0.0052571385,0
p256,rejected\p256\p256_115_000.wav,0,p256,0,2.427011e-05,0
p256,rejected\p256\p256_115_001.wav,0,p256,0,1.6275883e-10,0
p256,rejected\p256\p256_116_000.wav,0,p256,0,0.004407076,0
p256,rejected\p256\p256_116_001.wav,0,p256,0,1.704591e-06,0
p256,rejected\p256\p256_117_000.wav,0,p256,0,3.6128272e-06,0
p257,rejected\p257\p257_149_000.wav,0,p257,0,0.0048602414,0
p257,rejected\p257\p257_149_001.wav,0,p257,0,1.875286e-06,0
p257,rejected\p257\p257_150_000.wav,0,p257,0,4.1888692e-05,0
p257,rejected\p257\p257_151_000.wav,0,p257,0,4.3324445e-07,0
p257,rejected\p257\p257_152_000.wav,0,p257,0,4.4016004e-05,0
p257,rejected\p257\p257_153_000.wav,0,p257,0,6.6756006e-06,0
p257,rejected\p257\p257_154_000.wav,0,p257,0,0.00028354253,0
p257,rejected\p257\p257_154_001.wav,0,p257,0,2.2053182e-09,0
p257,rejected\p257\p257_155_000.wav,0,p257,0,3.739324e-05,0
p257,rejected\p257\p257_156_000.wav,0,p257,0,0.0003439976,0
p257,rejected\p257\p257_157_000.wav,0,p257,0,3.346744e-05,0
p257,rejected\p257\p257_157_001.wav,0,p257,0,5.8844535e-08,0
p257,rejected\p257\p257_158_000.wav,0,p257,0,0.0018536515,0
p257,rejected\p257\p257_159_000.wav,0,p257,0,0.0007530995,0
p257,rejected\p257\p257_160_000.wav,0,p257,0,7.58797e-07,0
p257,rejected\p257\p257_160_001.wav,0,p257,0,3.3150667e-07,0
p257,rejected\p257\p257_161_000.wav,0,p257,0,8.3027284e-05,0
p257,rejected\p257\p257_162_000.wav,0,p257,0,5.7835518e-05,0
p257,rejected\p257\p257_162_001.wav,0,p257,0,6.2013186e-08,0
p257,rejected\p257\p257_163_000.wav,0,p257,0,2.4178637e-06,0
p257,rejected\p257\p257_164_000.wav,0,p257,0,5.345051e-07,0
p257,rejected\p257\p257_164_001.wav,0,p257,0,1.8866393e-07,0
p257,rejected\p257\p257_165_000.wav,0,p257,0,0.0008877571,0
p257,rejected\p257\p257_166_000.wav,0,p257,0,4.2494214e-08,0
p257,rejected\p257\p257_167_000.wav,0,p257,0,1.3459282e-07,0
p257,rejected\p257\p257_167_001.wav,0,p257,0,2.0632238e-05,0
p257,rejected\p257\p257_168_000.wav,0,p257,0,7.271684e-05,0
p257,rejected\p257\p257_168_001.wav,0,p257,0,1.1934073e-09,0
p257,rejected\p257\p257_169_000.wav,0,p257,0,0.00015516055,0
p257,rejected\p257\p257_169_001.wav,0,p257,0,5.727619e-07,0
p257,rejected\p257\p257_170_000.wav,0,p257,0,0.00069456594,0
p257,rejected\p257\p257_171_000.wav,0,p257,0,0.00020604,0
p257,rejected\p257\p257_172_000.wav,0,p257,0,4.475773e-06,0
p257,rejected\p257\p257_173_000.wav,0,p257,0,4.152354e-05,0
p257,rejected\p257\p257_174_000.wav,0,p257,0,3.0013403e-05,0
p257,rejected\p257\p257_175_000.wav,0,p257,0,0.0019114246,0
p257,rejected\p257\p257_175_001.wav,0,p257,0,0.006072545,0
p257,rejected\p257\p257_176_000.wav,0,p257,0,1.5965477e-05,0
p257,rejected\p257\p257_177_000.wav,0,p257,0,0.0006108735,0
p257,rejected\p257\p257_177_001.wav,0,p257,0,3.3248334e-08,0
p257,rejected\p257\p257_178_000.wav,0,p257,0,4.3383985e-05,0
p257,rejected\p257\p257_178_001.wav,0,p257,0,5.477182e-07,0
p257,rejected\p257\p257_179_000.wav,0,p257,0,3.1307006e-06,0
p257,rejected\p257\p257_180_000.wav,0,p257,0,0.002170371,0
p257,rejected\p257\p257_181_000.wav,0,p257,0,0.00011799355,0
p258,rejected\p258\p258_123_000.wav,0,p258,0,0.031875283,0
p258,rejected\p258\p258_124_000.wav,0,p258,0,0.26771715,0
p258,rejected\p258\p258_124_001.wav,0,p258,0,0.03713716,0
p258,rejected\p258\p258_125_000.wav,0,p258,0,0.14873035,0
p258,rejected\p258\p258_125_001.wav,0,p258,0,0.0021827277,0
p258,rejected\p258\p258_126_000.wav,0,p258,0,0.03283921,0
p258,rejected\p258\p258_126_001.wav,0,p258,0,0.00088471675,0
p258,rejected\p258\p258_127_000.wav,0,p258,0,0.017384473,0
p258,rejected\p258\p258_127_001.wav,0,p258,0,0.00198369,0
p258,rejected\p258\p258_127_002.wav,0,p258,0,0.023370832,0
p258,rejected\p258\p258_128_000.wav,0,p258,0,0.17156617,0
p258,rejected\p258\p258_128_001.wav,0,p258,0,0.015476901,0
p258,rejected\p258\p258_129_000.wav,0,p258,0,0.117004395,0
p258,rejected\p258\p258_129_001.wav,0,p258,0,0.0005587605,0
p258,rejected\p258\p258_130_000.wav,0,p258,0,0.26150203,0
p258,rejected\p258\p258_131_000.wav,0,p258,0,0.021357086,0
p258,rejected\p258\p258_131_001.wav,0,p258,0,0.0027371175,0
p258,rejected\p258\p258_132_000.wav,0,p258,0,0.019167358,0
p258,rejected\p258\p258_132_001.wav,0,p258,0,0.11920774,0
p258,rejected\p258\p258_133_000.wav,0,p258,0,0.13622117,0
p258,rejected\p258\p258_133_001.wav,0,p258,0,0.014376093,0
p258,rejected\p258\p258_133_002.wav,0,p258,0,0.013038271,0
p258,rejected\p258\p258_134_000.wav,0,p258,0,0.025716916,0
p258,rejected\p258\p258_135_000.wav,0,p258,0,0.3467943,0
p258,rejected\p258\p258_135_001.wav,0,p258,0,0.0064177653,0
p258,rejected\p258\p258_136_000.wav,0,p258,0,0.011373473,0
p258,rejected\p258\p258_136_001.wav,0,p258,0,0.16177163,0
p258,rejected\p258\p258_137_000.wav,0,p258,0,0.0058304844,0
p258,rejected\p258\p258_137_001.wav,0,p258,0,0.08485672,0
p258,rejected\p258\p258_137_002.wav,0,p258,0,0.88436854,1
p258,rejected\p258\p258_138_000.wav,0,p258,0,0.05294477,0
p258,rejected\p258\p258_138_001.wav,0,p258,0,0.18528055,0
p258,rejected\p258\p258_138_002.wav,0,p258,0,0.018317765,0
p258,rejected\p258\p258_139_000.wav,0,p258,0,0.22549361,0
p258,rejected\p258\p258_141_000.wav,0,p258,0,0.24456275,0
p258,rejected\p258\p258_141_001.wav,0,p258,0,0.032768168,0
p258,rejected\p258\p258_141_002.wav,0,p258,0,0.020828879,0
p258,rejected\p258\p258_142_000.wav,0,p258,0,0.1727416,0
p258,rejected\p258\p258_142_001.wav,0,p258,0,0.06830619,0
p258,rejected\p258\p258_143_000.wav,0,p258,0,0.04647696,0
p258,rejected\p258\p258_144_000.wav,0,p258,0,0.14867342,0
p258,rejected\p258\p258_144_001.wav,0,p258,0,0.06457757,0
p258,rejected\p258\p258_145_000.wav,0,p258,0,0.9720751,1
p258,rejected\p258\p258_145_001.wav,0,p258,0,0.022172865,0
p258,rejected\p258\p258_146_000.wav,0,p258,0,0.27849722,0
p259,accepted\p259\p259_377_000.wav,1,p259,1,0.98877347,1
p259,accepted\p259\p259_377_001.wav,1,p259,1,0.99997735,1
p259,accepted\p259\p259_378_000.wav,1,p259,1,0.99961984,1
p259,accepted\p259\p259_378_001.wav,1,p259,1,0.9960782,1
p259,accepted\p259\p259_378_002.wav,1,p259,1,0.034934916,0
p259,accepted\p259\p259_379_000.wav,1,p259,1,0.95375645,1
p259,accepted\p259\p259_379_001.wav,1,p259,1,0.9978377,1
p259,accepted\p259\p259_379_002.wav,1,p259,1,0.08352852,0
p259,accepted\p259\p259_380_000.wav,1,p259,1,0.999365,1
p259,accepted\p259\p259_380_001.wav,1,p259,1,0.999592,1
p259,accepted\p259\p259_381_000.wav,1,p259,1,0.9588567,1
p259,accepted\p259\p259_381_001.wav,1,p259,1,0.99989146,1
p259,accepted\p259\p259_381_002.wav,1,p259,1,0.8484472,1
p259,accepted\p259\p259_382_000.wav,1,p259,1,0.99645793,1
p259,accepted\p259\p259_383_000.wav,1,p259,1,0.9489634,1
p259,accepted\p259\p259_384_000.wav,1,p259,1,0.99500954,1
p259,accepted\p259\p259_384_001.wav,1,p259,1,0.9988176,1
p259,accepted\p259\p259_385_000.wav,1,p259,1,0.995474,1
p259,accepted\p259\p259_385_001.wav,1,p259,1,0.9990542,1
p259,accepted\p259\p259_386_000.wav,1,p259,1,0.97480494,1
p259,accepted\p259\p259_386_001.wav,1,p259,1,0.16000912,0
p259,accepted\p259\p259_386_002.wav,1,p259,1,0.11671775,0
p259,accepted\p259\p259_387_000.wav,1,p259,1,0.99826145,1
p259,accepted\p259\p259_387_001.wav,1,p259,1,0.9900762,1
p259,accepted\p259\p259_388_000.wav,1,p259,1,0.94828874,1
p259,accepted\p259\p259_388_001.wav,1,p259,1,0.9995218,1
p259,accepted\p259\p259_389_000.wav,1,p259,1,0.9999711,1
p259,accepted\p259\p259_389_001.wav,1,p259,1,0.9996297,1
p259,accepted\p259\p259_390_000.wav,1,p259,1,0.6394972,1
p259,accepted\p259\p259_390_001.wav,1,p259,1,0.99999875,1
p259,accepted\p259\p259_390_002.wav,1,p259,1,0.99999756,1
p259,accepted\p259\p259_391_000.wav,1,p259,1,0.99994284,1
p259,accepted\p259\p259_392_000.wav,1,p259,1,0.9912858,1
p259,accepted\p259\p259_393_000.wav,1,p259,1,0.8797503,1
p259,accepted\p259\p259_394_000.wav,1,p259,1,0.6216487,1
p259,accepted\p259\p259_394_001.wav,1,p259,1,0.9999995,1
p259,accepted\p259\p259_395_000.wav,1,p259,1,0.99998885,1
p259,accepted\p259\p259_396_000.wav,1,p259,1,0.8962214,1
p259,accepted\p259\p259_396_001.wav,1,p259,1,0.03071281,0
p259,accepted\p259\p259_397_000.wav,1,p259,1,0.99770147,1
p259,accepted\p259\p259_397_001.wav,1,p259,1,0.8839621,1
p259,accepted\p259\p259_398_000.wav,1,p259,1,0.4171082,0
p259,accepted\p259\p259_398_001.wav,1,p259,1,0.9956659,1
p259,accepted\p259\p259_399_000.wav,1,p259,1,0.114047445,0
p259,accepted\p259\p259_399_001.wav,1,p259,1,0.9998513,1
p259,accepted\p259\p259_400_000.wav,1,p259,1,0.99977076,1
p259,accepted\p259\p259_400_001.wav,1,p259,1,0.99999744,1
p259,accepted\p259\p259_400_002.wav,1,p259,1,0.5710054,1
p259,accepted\p259\p259_401_000.wav,1,p259,1,0.99994266,1
p259,accepted\p259\p259_402_000.wav,1,p259,1,0.9999244,1
p259,accepted\p259\p259_402_001.wav,1,p259,1,0.88977337,1
p259,accepted\p259\p259_403_000.wav,1,p259,1,0.29773372,0
p259,accepted\p259\p259_404_000.wav,1,p259,1,0.99872905,1
p259,accepted\p259\p259_405_000.wav,1,p259,1,0.99999994,1
p259,accepted\p259\p259_405_001.wav,1,p259,1,0.9999748,1
p259,accepted\p259\p259_405_002.wav,1,p259,1,0.8350276,1
p259,accepted\p259\p259_406_000.wav,1,p259,1,0.94593626,1
p259,accepted\p259\p259_406_001.wav,1,p259,1,0.9666641,1
p259,accepted\p259\p259_407_000.wav,1,p259,1,0.3801745,0
p259,accepted\p259\p259_408_000.wav,1,p259,1,0.9997899,1
p259,accepted\p259\p259_408_001.wav,1,p259,1,0.9999995,1
p259,accepted\p259\p259_409_000.wav,1,p259,1,0.97636485,1
p259,accepted\p259\p259_409_001.wav,1,p259,1,0.99951106,1
p259,accepted\p259\p259_410_000.wav,1,p259,1,0.9996708,1
p259,accepted\p259\p259_410_001.wav,1,p259,1,0.9999984,1
p259,accepted\p259\p259_411_000.wav,1,p259,1,0.3082285,0
p259,accepted\p259\p259_411_001.wav,1,p259,1,0.99999994,1
p259,accepted\p259\p259_411_002.wav,1,p259,1,0.9988374,1
p259,accepted\p259\p259_412_000.wav,1,p259,1,0.77912116,1
p259,accepted\p259\p259_413_000.wav,1,p259,1,0.6941187,1
p259,accepted\p259\p259_413_001.wav,1,p259,1,0.9986086,1
p259,accepted\p259\p259_414_000.wav,1,p259,1,0.99999905,1
p259,accepted\p259\p259_414_001.wav,1,p259,1,0.9999824,1
p259,accepted\p259\p259_415_000.wav,1,p259,1,0.9999119,1
p259,accepted\p259\p259_415_001.wav,1,p259,1,0.9999999,1
p259,accepted\p259\p259_416_000.wav,1,p259,1,0.99780035,1
p259,accepted\p259\p259_416_001.wav,1,p259,1,0.99985504,1
p259,accepted\p259\p259_417_000.wav,1,p259,1,0.999741,1
p259,accepted\p259\p259_417_001.wav,1,p259,1,0.9212273,1
p259,accepted\p259\p259_418_000.wav,1,p259,1,0.9854906,1
p259,accepted\p259\p259_418_001.wav,1,p259,1,0.9632422,1
p259,accepted\p259\p259_419_000.wav,1,p259,1,0.85727423,1
p259,accepted\p259\p259_420_000.wav,1,p259,1,0.06447555,0
p259,accepted\p259\p259_421_000.wav,1,p259,1,0.28836483,0
p259,accepted\p259\p259_421_001.wav,1,p259,1,0.46651995,0
p259,accepted\p259\p259_422_000.wav,1,p259,1,0.29461133,0
p259,accepted\p259\p259_422_001.wav,1,p259,1,0.49538884,0
p259,accepted\p259\p259_422_002.wav,1,p259,1,0.1807408,0
p259,accepted\p259\p259_423_000.wav,1,p259,1,0.34516838,0
p259,accepted\p259\p259_423_001.wav,1,p259,1,0.7867225,1
p259,accepted\p259\p259_424_000.wav,1,p259,1,0.577218,1
p259,accepted\p259\p259_424_001.wav,1,p259,1,0.9160565,1
p259,accepted\p259\p259_425_000.wav,1,p259,1,0.9990667,1
p259,accepted\p259\p259_426_000.wav,1,p259,1,0.9997235,1
p259,accepted\p259\p259_426_001.wav,1,p259,1,0.821543,1
p259,accepted\p259\p259_427_000.wav,1,p259,1,0.03142465,0
p259,accepted\p259\p259_427_001.wav,1,p259,1,0.59005064,1
p259,accepted\p259\p259_428_000.wav,1,p259,1,0.8836439,1
p259,accepted\p259\p259_428_001.wav,1,p259,1,0.0012463484,0
p259,accepted\p259\p259_428_002.wav,1,p259,1,0.93990415,1
p259,accepted\p259\p259_428_003.wav,1,p259,1,0.5306205,1
p259,accepted\p259\p259_429_000.wav,1,p259,1,0.51393116,1
p259,accepted\p259\p259_429_001.wav,1,p259,1,0.9963685,1
p259,accepted\p259\p259_430_000.wav,1,p259,1,0.8580983,1
p259,accepted\p259\p259_430_001.wav,1,p259,1,0.9958864,1
p259,accepted\p259\p259_431_000.wav,1,p259,1,0.9986966,1
p259,accepted\p259\p259_432_000.wav,1,p259,1,0.5147072,1
p259,accepted\p259\p259_432_001.wav,1,p259,1,0.9971628,1
p259,accepted\p259\p259_432_002.wav,1,p259,1,0.7730672,1
p259,accepted\p259\p259_433_000.wav,1,p259,1,0.9666165,1
p259,accepted\p259\p259_433_001.wav,1,p259,1,0.11404489,0
p259,accepted\p259\p259_434_000.wav,1,p259,1,0.8742886,1
p259,accepted\p259\p259_434_001.wav,1,p259,1,0.9944775,1
p259,accepted\p259\p259_434_002.wav,1,p259,1,0.5881674,1
p259,accepted\p259\p259_435_000.wav,1,p259,1,0.98649657,1
p259,accepted\p259\p259_436_000.wav,1,p259,1,0.9959215,1
p259,accepted\p259\p259_436_001.wav,1,p259,1,0.9975837,1
p259,accepted\p259\p259_437_000.wav,1,p259,1,0.9699833,1
p259,accepted\p259\p259_437_001.wav,1,p259,1,0.9998892,1
p259,accepted\p259\p259_437_002.wav,1,p259,1,0.46929863,0
p259,accepted\p259\p259_438_000.wav,1,p259,1,0.9998135,1
p259,accepted\p259\p259_438_001.wav,1,p259,1,0.91480553,1
p259,accepted\p259\p259_438_002.wav,1,p259,1,0.9967412,1
p259,accepted\p259\p259_439_000.wav,1,p259,1,0.8748725,1
p259,accepted\p259\p259_439_001.wav,1,p259,1,0.3952398,0
p259,accepted\p259\p259_440_000.wav,1,p259,1,0.99996454,1
p259,accepted\p259\p259_440_001.wav,1,p259,1,0.99999815,1
p259,accepted\p259\p259_440_002.wav,1,p259,1,0.9865385,1
p259,accepted\p259\p259_441_000.wav,1,p259,1,0.9990274,1
p259,accepted\p259\p259_441_001.wav,1,p259,1,0.99999714,1
p259,accepted\p259\p259_442_000.wav,1,p259,1,0.99733627,1
p259,accepted\p259\p259_442_001.wav,1,p259,1,0.37841204,0
p259,accepted\p259\p259_442_002.wav,1,p259,1,0.9927953,1
p259,accepted\p259\p259_443_000.wav,1,p259,1,0.9999952,1
p259,accepted\p259\p259_443_001.wav,1,p259,1,0.27946344,0
p267,rejected\p267\p267_126_000.wav,0,p267,0,0.00039487626,0
p267,rejected\p267\p267_126_001.wav,0,p267,0,0.004786098,0
p267,rejected\p267\p267_126_002.wav,0,p267,0,0.34984213,0
p267,rejected\p267\p267_127_000.wav,0,p267,0,0.13746575,0
p267,rejected\p267\p267_127_001.wav,0,p267,0,0.006158351,0
p267,rejected\p267\p267_127_002.wav,0,p267,0,0.019564295,0
p267,rejected\p267\p267_128_000.wav,0,p267,0,0.0029605958,0
p267,rejected\p267\p267_128_001.wav,0,p267,0,0.0021538185,0
p267,rejected\p267\p267_130_000.wav,0,p267,0,0.0050717364,0
p267,rejected\p267\p267_130_001.wav,0,p267,0,0.0005099567,0
p267,rejected\p267\p267_131_000.wav,0,p267,0,0.0046156123,0
p267,rejected\p267\p267_131_001.wav,0,p267,0,9.4693234e-05,0
p267,rejected\p267\p267_131_002.wav,0,p267,0,0.0050805723,0
p267,rejected\p267\p267_132_000.wav,0,p267,0,0.0023312764,0
p267,rejected\p267\p267_132_001.wav,0,p267,0,0.0786046,0
p267,rejected\p267\p267_132_002.wav,0,p267,0,0.006058731,0
p267,rejected\p267\p267_133_000.wav,0,p267,0,0.06866993,0
p267,rejected\p267\p267_134_000.wav,0,p267,0,0.008967582,0
p267,rejected\p267\p267_134_001.wav,0,p267,0,0.0029865725,0
p267,rejected\p267\p267_135_000.wav,0,p267,0,0.007950775,0
p267,rejected\p267\p267_136_000.wav,0,p267,0,0.0028984095,0
p267,rejected\p267\p267_136_001.wav,0,p267,0,0.008181129,0
p267,rejected\p267\p267_137_000.wav,0,p267,0,0.028028972,0
p267,rejected\p267\p267_137_001.wav,0,p267,0,2.0072266e-05,0
p267,rejected\p267\p267_138_000.wav,0,p267,0,0.33319366,0
p267,rejected\p267\p267_138_001.wav,0,p267,0,0.000266244,0
p267,rejected\p267\p267_138_002.wav,0,p267,0,0.0065694596,0
p267,rejected\p267\p267_140_000.wav,0,p267,0,0.06493147,0
p267,rejected\p267\p267_140_001.wav,0,p267,0,0.053803988,0
p267,rejected\p267\p267_141_000.wav,0,p267,0,0.045527447,0
p267,rejected\p267\p267_141_001.wav,0,p267,0,0.040679518,0
p267,rejected\p267\p267_142_000.wav,0,p267,0,0.04112271,0
p267,rejected\p267\p267_142_001.wav,0,p267,0,0.15691733,0
p267,rejected\p267\p267_143_000.wav,0,p267,0,0.0016454604,0
p267,rejected\p267\p267_143_001.wav,0,p267,0,0.031306885,0
p267,rejected\p267\p267_144_000.wav,0,p267,0,0.00039732823,0
p267,rejected\p267\p267_145_000.wav,0,p267,0,0.050923493,0
p267,rejected\p267\p267_146_000.wav,0,p267,0,0.0020728232,0
p267,rejected\p267\p267_146_001.wav,0,p267,0,0.0074215624,0
p267,rejected\p267\p267_146_002.wav,0,p267,0,0.00040845448,0
p267,rejected\p267\p267_147_000.wav,0,p267,0,0.00023364212,0
p267,rejected\p267\p267_147_001.wav,0,p267,0,0.004098438,0
p267,rejected\p267\p267_148_000.wav,0,p267,0,0.0019517665,0
p267,rejected\p267\p267_149_000.wav,0,p267,0,0.006528521,0
p267,rejected\p267\p267_149_001.wav,0,p267,0,0.010476603,0
p268,accepted\p268\p268_341_000.wav,1,p268,1,0.7029476,1
p268,accepted\p268\p268_341_001.wav,1,p268,1,0.94042045,1
p268,accepted\p268\p268_344_000.wav,1,p268,1,0.9997547,1
p268,accepted\p268\p268_345_000.wav,1,p268,1,0.90619403,1
p268,accepted\p268\p268_345_001.wav,1,p268,1,0.9942378,1
p268,accepted\p268\p268_346_000.wav,1,p268,1,0.9355976,1
p268,accepted\p268\p268_346_001.wav,1,p268,1,0.99952763,1
p268,accepted\p268\p268_347_000.wav,1,p268,1,0.9925081,1
p268,accepted\p268\p268_348_000.wav,1,p268,1,0.0046859817,0
p268,accepted\p268\p268_348_001.wav,1,p268,1,0.9998841,1
p268,accepted\p268\p268_349_000.wav,1,p268,1,0.9433785,1
p268,accepted\p268\p268_349_001.wav,1,p268,1,0.9989646,1
p268,accepted\p268\p268_349_002.wav,1,p268,1,0.99022764,1
p268,accepted\p268\p268_350_000.wav,1,p268,1,0.9998731,1
p268,accepted\p268\p268_350_001.wav,1,p268,1,0.9999047,1
p268,accepted\p268\p268_351_000.wav,1,p268,1,0.0035682363,0
p268,accepted\p268\p268_351_001.wav,1,p268,1,0.51484394,1
p268,accepted\p268\p268_352_000.wav,1,p268,1,0.88643205,1
p268,accepted\p268\p268_352_001.wav,1,p268,1,0.99700135,1
p268,accepted\p268\p268_353_000.wav,1,p268,1,0.8043719,1
p268,accepted\p268\p268_353_001.wav,1,p268,1,0.9750796,1
p268,accepted\p268\p268_354_000.wav,1,p268,1,0.99993896,1
p268,accepted\p268\p268_354_001.wav,1,p268,1,0.999646,1
p268,accepted\p268\p268_355_000.wav,1,p268,1,0.035590887,0
p268,accepted\p268\p268_355_001.wav,1,p268,1,0.9999262,1
p268,accepted\p268\p268_355_002.wav,1,p268,1,0.9999889,1
p268,accepted\p268\p268_355_003.wav,1,p268,1,0.50958616,1
p268,accepted\p268\p268_356_000.wav,1,p268,1,0.99736685,1
p268,accepted\p268\p268_356_001.wav,1,p268,1,0.99693716,1
p268,accepted\p268\p268_356_002.wav,1,p268,1,0.9605249,1
p268,accepted\p268\p268_356_003.wav,1,p268,1,0.99192786,1
p268,accepted\p268\p268_357_000.wav,1,p268,1,0.99839324,1
p268,accepted\p268\p268_357_001.wav,1,p268,1,0.99973065,1
p268,accepted\p268\p268_358_000.wav,1,p268,1,0.9952838,1
p268,accepted\p268\p268_358_001.wav,1,p268,1,0.47369036,0
p268,accepted\p268\p268_359_000.wav,1,p268,1,0.9284553,1
p268,accepted\p268\p268_359_001.wav,1,p268,1,0.5049145,1
p268,accepted\p268\p268_359_002.wav,1,p268,1,0.39025235,0
p268,accepted\p268\p268_360_000.wav,1,p268,1,0.34298274,0
p268,accepted\p268\p268_360_001.wav,1,p268,1,0.06292834,0
p268,accepted\p268\p268_361_000.wav,1,p268,1,0.9668331,1
p268,accepted\p268\p268_361_001.wav,1,p268,1,0.9999633,1
p268,accepted\p268\p268_361_002.wav,1,p268,1,0.99924886,1
p268,accepted\p268\p268_362_000.wav,1,p268,1,0.9999943,1
p268,accepted\p268\p268_362_001.wav,1,p268,1,0.9982123,1
p268,accepted\p268\p268_363_000.wav,1,p268,1,0.00539523,0
p268,accepted\p268\p268_363_001.wav,1,p268,1,0.9983751,1
p268,accepted\p268\p268_364_000.wav,1,p268,1,0.79828286,1
p268,accepted\p268\p268_364_001.wav,1,p268,1,0.99905825,1
p268,accepted\p268\p268_364_002.wav,1,p268,1,0.9151593,1
p268,accepted\p268\p268_365_000.wav,1,p268,1,0.9981188,1
p268,accepted\p268\p268_365_001.wav,1,p268,1,0.760641,1
p268,accepted\p268\p268_366_000.wav,1,p268,1,0.9914808,1
p268,accepted\p268\p268_366_001.wav,1,p268,1,0.99683607,1
p268,accepted\p268\p268_367_000.wav,1,p268,1,0.87824804,1
p268,accepted\p268\p268_367_001.wav,1,p268,1,0.86535263,1
p268,accepted\p268\p268_368_000.wav,1,p268,1,0.9726887,1
p268,accepted\p268\p268_369_000.wav,1,p268,1,0.88630444,1
p268,accepted\p268\p268_369_001.wav,1,p268,1,0.99999726,1
p268,accepted\p268\p268_370_000.wav,1,p268,1,0.9820384,1
p268,accepted\p268\p268_370_001.wav,1,p268,1,0.9991941,1
p268,accepted\p268\p268_371_000.wav,1,p268,1,0.9940785,1
p268,accepted\p268\p268_371_001.wav,1,p268,1,0.9912403,1
p268,accepted\p268\p268_372_000.wav,1,p268,1,0.49393627,0
p268,accepted\p268\p268_372_001.wav,1,p268,1,0.99989617,1
p268,accepted\p268\p268_373_000.wav,1,p268,1,0.35359448,0
p268,accepted\p268\p268_373_001.wav,1,p268,1,0.9624238,1
p268,accepted\p268\p268_374_000.wav,1,p268,1,0.99379313,1
p268,accepted\p268\p268_374_001.wav,1,p268,1,0.999899,1
p268,accepted\p268\p268_375_000.wav,1,p268,1,0.7757758,1
p268,accepted\p268\p268_375_001.wav,1,p268,1,0.9946675,1
p268,accepted\p268\p268_376_000.wav,1,p268,1,0.75741667,1
p268,accepted\p268\p268_376_001.wav,1,p268,1,0.99989736,1
p268,accepted\p268\p268_376_002.wav,1,p268,1,0.9937134,1
p268,accepted\p268\p268_377_000.wav,1,p268,1,0.9091392,1
p268,accepted\p268\p268_377_001.wav,1,p268,1,0.936677,1
p268,accepted\p268\p268_377_002.wav,1,p268,1,0.98340386,1
p268,accepted\p268\p268_378_000.wav,1,p268,1,0.90261227,1
p268,accepted\p268\p268_378_001.wav,1,p268,1,0.99107826,1
p268,accepted\p268\p268_378_002.wav,1,p268,1,0.5395397,1
p268,accepted\p268\p268_379_000.wav,1,p268,1,0.99480677,1
p268,accepted\p268\p268_379_001.wav,1,p268,1,0.9999984,1
p268,accepted\p268\p268_379_002.wav,1,p268,1,0.9997763,1
p268,accepted\p268\p268_380_000.wav,1,p268,1,0.9523422,1
p268,accepted\p268\p268_380_001.wav,1,p268,1,0.9997686,1
p268,accepted\p268\p268_381_000.wav,1,p268,1,0.99987566,1
p268,accepted\p268\p268_381_001.wav,1,p268,1,0.9952624,1
p268,accepted\p268\p268_381_002.wav,1,p268,1,0.52693546,1
p268,accepted\p268\p268_382_000.wav,1,p268,1,0.9806332,1
p268,accepted\p268\p268_382_001.wav,1,p268,1,0.9998362,1
p268,accepted\p268\p268_382_002.wav,1,p268,1,0.9946604,1
p268,accepted\p268\p268_383_000.wav,1,p268,1,0.9980287,1
p268,accepted\p268\p268_383_001.wav,1,p268,1,0.94646746,1
p268,accepted\p268\p268_384_000.wav,1,p268,1,0.9836252,1
p268,accepted\p268\p268_384_001.wav,1,p268,1,0.9999989,1
p268,accepted\p268\p268_385_000.wav,1,p268,1,0.86715686,1
p268,accepted\p268\p268_385_001.wav,1,p268,1,0.38827738,0
p268,accepted\p268\p268_386_000.wav,1,p268,1,0.99953556,1
p268,accepted\p268\p268_386_001.wav,1,p268,1,0.99989605,1
p268,accepted\p268\p268_387_000.wav,1,p268,1,0.9552505,1
p268,accepted\p268\p268_387_001.wav,1,p268,1,0.99888355,1
p268,accepted\p268\p268_388_000.wav,1,p268,1,0.9032262,1
p268,accepted\p268\p268_388_001.wav,1,p268,1,0.9989716,1
p268,accepted\p268\p268_388_002.wav,1,p268,1,0.98482585,1
p268,accepted\p268\p268_388_003.wav,1,p268,1,0.42936838,0
p268,accepted\p268\p268_388_004.wav,1,p268,1,0.9601539,1
p268,accepted\p268\p268_389_000.wav,1,p268,1,0.9889482,1
p268,accepted\p268\p268_389_001.wav,1,p268,1,0.9312419,1
p268,accepted\p268\p268_389_002.wav,1,p268,1,0.9966951,1
p268,accepted\p268\p268_390_000.wav,1,p268,1,0.90751725,1
p268,accepted\p268\p268_391_000.wav,1,p268,1,0.91187644,1
p268,accepted\p268\p268_392_000.wav,1,p268,1,0.9590423,1
p268,accepted\p268\p268_392_001.wav,1,p268,1,0.99150884,1
p268,accepted\p268\p268_393_000.wav,1,p268,1,0.99117035,1
p268,accepted\p268\p268_393_001.wav,1,p268,1,0.99749315,1
p268,accepted\p268\p268_393_002.wav,1,p268,1,0.9613277,1
p268,accepted\p268\p268_394_000.wav,1,p268,1,0.9410604,1
p268,accepted\p268\p268_394_001.wav,1,p268,1,0.9989152,1
p268,accepted\p268\p268_394_002.wav,1,p268,1,0.85721004,1
p268,accepted\p268\p268_395_000.wav,1,p268,1,0.99734586,1
p268,accepted\p268\p268_395_001.wav,1,p268,1,0.9999795,1
p268,accepted\p268\p268_396_000.wav,1,p268,1,0.89478284,1
p268,accepted\p268\p268_396_001.wav,1,p268,1,0.6656159,1
p268,accepted\p268\p268_397_000.wav,1,p268,1,0.85285306,1
p268,accepted\p268\p268_397_001.wav,1,p268,1,0.99987656,1
p268,accepted\p268\p268_398_000.wav,1,p268,1,0.8855479,1
p268,accepted\p268\p268_398_001.wav,1,p268,1,0.77986914,1
p268,accepted\p268\p268_398_002.wav,1,p268,1,0.9796491,1
p268,accepted\p268\p268_399_000.wav,1,p268,1,0.63007456,1
p268,accepted\p268\p268_399_001.wav,1,p268,1,0.19840765,0
p268,accepted\p268\p268_400_000.wav,1,p268,1,0.99729234,1
p268,accepted\p268\p268_400_001.wav,1,p268,1,0.9881243,1
p268,accepted\p268\p268_401_000.wav,1,p268,1,0.83925325,1
p268,accepted\p268\p268_401_001.wav,1,p268,1,0.9931588,1
p268,accepted\p268\p268_401_002.wav,1,p268,1,0.7287091,1
p269,rejected\p269\p269_117_000.wav,0,p269,0,0.00013584642,0
p269,rejected\p269\p269_117_001.wav,0,p269,0,8.065154e-08,0
p269,rejected\p269\p269_117_002.wav,0,p269,0,7.0144074e-07,0
p269,rejected\p269\p269_118_000.wav,0,p269,0,0.005432132,0
p269,rejected\p269\p269_118_001.wav,0,p269,0,8.796794e-07,0
p269,rejected\p269\p269_118_002.wav,0,p269,0,1.917743e-09,0
p269,rejected\p269\p269_121_000.wav,0,p269,0,6.8136424e-06,0
p269,rejected\p269\p269_121_001.wav,0,p269,0,8.806818e-06,0
p269,rejected\p269\p269_121_002.wav,0,p269,0,3.1410839e-06,0
p269,rejected\p269\p269_123_000.wav,0,p269,0,0.00020122067,0
p269,rejected\p269\p269_123_001.wav,0,p269,0,1.3446826e-05,0
p269,rejected\p269\p269_124_000.wav,0,p269,0,6.153871e-05,0
p269,rejected\p269\p269_124_001.wav,0,p269,0,2.5790355e-06,0
p269,rejected\p269\p269_125_000.wav,0,p269,0,0.00062642014,0
p269,rejected\p269\p269_125_001.wav,0,p269,0,0.00015665776,0
p269,rejected\p269\p269_126_000.wav,0,p269,0,0.033467837,0
p269,rejected\p269\p269_126_001.wav,0,p269,0,9.533029e-06,0
p269,rejected\p269\p269_126_002.wav,0,p269,0,2.5782155e-08,0
p269,rejected\p269\p269_127_000.wav,0,p269,0,0.0020196184,0
p269,rejected\p269\p269_127_001.wav,0,p269,0,2.1803448e-09,0
p269,rejected\p269\p269_127_002.wav,0,p269,0,2.5415736e-06,0
p269,rejected\p269\p269_128_000.wav,0,p269,0,0.00017088697,0
p269,rejected\p269\p269_128_001.wav,0,p269,0,7.358475e-09,0
p269,rejected\p269\p269_129_000.wav,0,p269,0,0.0011289454,0
p269,rejected\p269\p269_129_001.wav,0,p269,0,0.000107595,0
p269,rejected\p269\p269_130_000.wav,0,p269,0,0.00035695962,0
p269,rejected\p269\p269_130_001.wav,0,p269,0,0.0011495749,0
p269,rejected\p269\p269_131_000.wav,0,p269,0,5.3970252e-05,0
p269,rejected\p269\p269_131_001.wav,0,p269,0,1.4915172e-07,0
p269,rejected\p269\p269_132_000.wav,0,p269,0,1.1709267e-06,0
p269,rejected\p269\p269_133_000.wav,0,p269,0,0.0033279094,0
p269,rejected\p269\p269_134_000.wav,0,p269,0,0.0018535199,0
p269,rejected\p269\p269_134_001.wav,0,p269,0,0.1145724,0
p269,rejected\p269\p269_135_000.wav,0,p269,0,0.00076776167,0
p269,rejected\p269\p269_135_001.wav,0,p269,0,7.9969876e-05,0
p269,rejected\p269\p269_135_002.wav,0,p269,0,8.378454e-08,0
p269,rejected\p269\p269_136_000.wav,0,p269,0,0.00044080644,0
p269,rejected\p269\p269_136_001.wav,0,p269,0,7.529651e-05,0
p269,rejected\p269\p269_137_000.wav,0,p269,0,0.0001725087,0
p269,rejected\p269\p269_138_000.wav,0,p269,0,2.2300753e-07,0
p269,rejected\p269\p269_138_001.wav,0,p269,0,8.755823e-09,0
p269,rejected\p269\p269_139_000.wav,0,p269,0,3.321275e-07,0
p269,rejected\p269\p269_140_000.wav,0,p269,0,0.0013863074,0
p269,rejected\p269\p269_140_001.wav,0,p269,0,0.00030181647,0
p269,rejected\p269\p269_140_002.wav,0,p269,0,2.3726015e-07,0
p270,accepted\p270\p270_365_000.wav,1,p270,1,0.9916578,1
p270,accepted\p270\p270_366_000.wav,1,p270,1,0.99999875,1
p270,accepted\p270\p270_366_001.wav,1,p270,1,0.99988854,1
p270,accepted\p270\p270_367_000.wav,1,p270,1,0.9988511,1
p270,accepted\p270\p270_367_001.wav,1,p270,1,0.9996043,1
p270,accepted\p270\p270_368_000.wav,1,p270,1,0.9983108,1
p270,accepted\p270\p270_368_001.wav,1,p270,1,0.9980399,1
p270,accepted\p270\p270_369_000.wav,1,p270,1,0.9815665,1
p270,accepted\p270\p270_370_000.wav,1,p270,1,0.99235624,1
p270,accepted\p270\p270_370_001.wav,1,p270,1,0.9999985,1
p270,accepted\p270\p270_371_000.wav,1,p270,1,0.99960667,1
p270,accepted\p270\p270_373_000.wav,1,p270,1,0.99999857,1
p270,accepted\p270\p270_374_000.wav,1,p270,1,0.99999946,1
p270,accepted\p270\p270_374_001.wav,1,p270,1,1.0,1
p270,accepted\p270\p270_375_000.wav,1,p270,1,0.998456,1
p270,accepted\p270\p270_375_001.wav,1,p270,1,0.99999994,1
p270,accepted\p270\p270_375_002.wav,1,p270,1,1.0,1
p270,accepted\p270\p270_376_000.wav,1,p270,1,0.58087647,1
p270,accepted\p270\p270_377_000.wav,1,p270,1,0.99366695,1
p270,accepted\p270\p270_377_001.wav,1,p270,1,0.99998087,1
p270,accepted\p270\p270_377_002.wav,1,p270,1,0.99999994,1
p270,accepted\p270\p270_378_000.wav,1,p270,1,0.9884412,1
p270,accepted\p270\p270_378_001.wav,1,p270,1,0.9995888,1
p270,accepted\p270\p270_379_000.wav,1,p270,1,0.40360785,0
p270,accepted\p270\p270_379_001.wav,1,p270,1,0.9999963,1
p270,accepted\p270\p270_380_000.wav,1,p270,1,0.99928916,1
p270,accepted\p270\p270_381_000.wav,1,p270,1,0.31845716,0
p270,accepted\p270\p270_381_001.wav,1,p270,1,0.3716494,0
p270,accepted\p270\p270_382_000.wav,1,p270,1,0.9862334,1
p270,accepted\p270\p270_383_000.wav,1,p270,1,0.99914885,1
p270,accepted\p270\p270_383_001.wav,1,p270,1,0.99810493,1
p270,accepted\p270\p270_384_000.wav,1,p270,1,0.828825,1
p270,accepted\p270\p270_384_001.wav,1,p270,1,0.99999994,1
p270,accepted\p270\p270_385_000.wav,1,p270,1,0.99810135,1
p270,accepted\p270\p270_385_001.wav,1,p270,1,0.9999982,1
p270,accepted\p270\p270_386_000.wav,1,p270,1,0.9929392,1
p270,accepted\p270\p270_386_001.wav,1,p270,1,0.99998915,1
p270,accepted\p270\p270_387_000.wav,1,p270,1,0.9982515,1
p270,accepted\p270\p270_387_001.wav,1,p270,1,0.99999994,1
p270,accepted\p270\p270_387_002.wav,1,p270,1,0.99999887,1
p270,accepted\p270\p270_388_000.wav,1,p270,1,0.8317921,1
p270,accepted\p270\p270_388_001.wav,1,p270,1,1.0,1
p270,accepted\p270\p270_389_000.wav,1,p270,1,0.6661757,1
p270,accepted\p270\p270_389_001.wav,1,p270,1,0.9733446,1
p270,accepted\p270\p270_389_002.wav,1,p270,1,0.9999955,1
p270,accepted\p270\p270_390_000.wav,1,p270,1,0.9649144,1
p270,accepted\p270\p270_390_001.wav,1,p270,1,1.0,1
p270,accepted\p270\p270_391_000.wav,1,p270,1,0.58568835,1
p270,accepted\p270\p270_391_001.wav,1,p270,1,0.9999993,1
p270,accepted\p270\p270_391_002.wav,1,p270,1,1.0,1
p270,accepted\p270\p270_392_000.wav,1,p270,1,0.9736906,1
p270,accepted\p270\p270_393_000.wav,1,p270,1,0.9995393,1
p270,accepted\p270\p270_393_001.wav,1,p270,1,0.997921,1
p270,accepted\p270\p270_394_000.wav,1,p270,1,0.9993432,1
p270,accepted\p270\p270_394_001.wav,1,p270,1,0.99999994,1
p270,accepted\p270\p270_395_000.wav,1,p270,1,0.9991141,1
p270,accepted\p270\p270_396_000.wav,1,p270,1,0.95090896,1
p270,accepted\p270\p270_397_000.wav,1,p270,1,0.99712396,1
p270,accepted\p270\p270_397_001.wav,1,p270,1,0.99999976,1
p270,accepted\p270\p270_398_000.wav,1,p270,1,0.99978137,1
p270,accepted\p270\p270_398_001.wav,1,p270,1,0.99999946,1
p270,accepted\p270\p270_399_000.wav,1,p270,1,0.9786572,1
p270,accepted\p270\p270_399_001.wav,1,p270,1,1.0,1
p270,accepted\p270\p270_400_000.wav,1,p270,1,0.98008645,1
p270,accepted\p270\p270_400_001.wav,1,p270,1,0.99960595,1
p270,accepted\p270\p270_400_002.wav,1,p270,1,1.0,1
p270,accepted\p270\p270_401_000.wav,1,p270,1,0.9998523,1
p270,accepted\p270\p270_401_001.wav,1,p270,1,0.99999994,1
p270,accepted\p270\p270_402_000.wav,1,p270,1,0.992151,1
p270,accepted\p270\p270_402_001.wav,1,p270,1,0.99715143,1
p270,accepted\p270\p270_402_002.wav,1,p270,1,0.9999568,1
p270,accepted\p270\p270_403_000.wav,1,p270,1,0.98617566,1
p270,accepted\p270\p270_403_001.wav,1,p270,1,0.9956297,1
p270,accepted\p270\p270_404_000.wav,1,p270,1,0.8270527,1
p270,accepted\p270\p270_404_001.wav,1,p270,1,0.99804056,1
p270,accepted\p270\p270_405_000.wav,1,p270,1,0.9909898,1
p270,accepted\p270\p270_406_000.wav,1,p270,1,0.6971556,1
p270,accepted\p270\p270_407_000.wav,1,p270,1,0.9928032,1
p270,accepted\p270\p270_407_001.wav,1,p270,1,1.0,1
p270,accepted\p270\p270_408_000.wav,1,p270,1,0.9778795,1
p270,accepted\p270\p270_409_000.wav,1,p270,1,0.88657427,1
p270,accepted\p270\p270_409_001.wav,1,p270,1,1.0,1
p270,accepted\p270\p270_410_000.wav,1,p270,1,0.99834126,1
p270,accepted\p270\p270_410_001.wav,1,p270,1,1.0,1
p270,accepted\p270\p270_411_000.wav,1,p270,1,0.9979825,1
p270,accepted\p270\p270_412_000.wav,1,p270,1,0.9989666,1
p270,accepted\p270\p270_412_001.wav,1,p270,1,0.15052018,0
p270,accepted\p270\p270_412_002.wav,1,p270,1,0.9999993,1
p270,accepted\p270\p270_412_003.wav,1,p270,1,0.9999992,1
p270,accepted\p270\p270_413_000.wav,1,p270,1,0.99299073,1
p270,accepted\p270\p270_413_001.wav,1,p270,1,0.9999339,1
p270,accepted\p270\p270_414_000.wav,1,p270,1,0.9701534,1
p270,accepted\p270\p270_414_001.wav,1,p270,1,0.99999946,1
p270,accepted\p270\p270_415_000.wav,1,p270,1,0.9636384,1
p270,accepted\p270\p270_415_001.wav,1,p270,1,0.99864656,1
p270,accepted\p270\p270_416_000.wav,1,p270,1,0.82240474,1
p270,accepted\p270\p270_416_001.wav,1,p270,1,0.999424,1
p270,accepted\p270\p270_416_002.wav,1,p270,1,0.9999997,1
p270,accepted\p270\p270_417_000.wav,1,p270,1,0.82299817,1
p270,accepted\p270\p270_418_000.wav,1,p270,1,0.9831105,1
p270,accepted\p270\p270_419_000.wav,1,p270,1,0.99964017,1
p270,accepted\p270\p270_419_001.wav,1,p270,1,0.99999505,1
p270,accepted\p270\p270_420_000.wav,1,p270,1,0.9982956,1
p270,accepted\p270\p270_420_001.wav,1,p270,1,0.99777025,1
p270,accepted\p270\p270_420_002.wav,1,p270,1,1.0,1
p270,accepted\p270\p270_421_000.wav,1,p270,1,0.9986957,1
p270,accepted\p270\p270_422_000.wav,1,p270,1,0.9963543,1
p270,accepted\p270\p270_423_000.wav,1,p270,1,0.99969405,1
p270,accepted\p270\p270_423_001.wav,1,p270,1,0.9881497,1
p270,accepted\p270\p270_424_000.wav,1,p270,1,0.99723816,1
p270,accepted\p270\p270_424_001.wav,1,p270,1,0.9973436,1
p270,accepted\p270\p270_425_000.wav,1,p270,1,0.99986726,1
p270,accepted\p270\p270_426_000.wav,1,p270,1,0.99702907,1
p270,accepted\p270\p270_427_000.wav,1,p270,1,0.9950916,1
p270,accepted\p270\p270_427_001.wav,1,p270,1,0.99996287,1
p270,accepted\p270\p270_427_002.wav,1,p270,1,0.9999999,1
p270,accepted\p270\p270_428_000.wav,1,p270,1,0.7890215,1
p270,accepted\p270\p270_428_001.wav,1,p270,1,0.9814514,1
p270,accepted\p270\p270_429_000.wav,1,p270,1,0.9997478,1
p270,accepted\p270\p270_429_001.wav,1,p270,1,0.99549526,1
p270,accepted\p270\p270_430_000.wav,1,p270,1,0.7907306,1
p270,accepted\p270\p270_430_001.wav,1,p270,1,0.99999434,1
p270,accepted\p270\p270_431_000.wav,1,p270,1,0.9995511,1
p270,accepted\p270\p270_431_001.wav,1,p270,1,0.9998009,1
p270,accepted\p270\p270_431_002.wav,1,p270,1,0.99999994,1
p270,accepted\p270\p270_432_000.wav,1,p270,1,0.11533561,0
p270,accepted\p270\p270_433_000.wav,1,p270,1,0.99904895,1
p270,accepted\p270\p270_434_000.wav,1,p270,1,0.98753893,1
p270,accepted\p270\p270_434_001.wav,1,p270,1,0.9999922,1
p270,accepted\p270\p270_435_000.wav,1,p270,1,0.99917257,1
p270,accepted\p270\p270_435_001.wav,1,p270,1,0.99999994,1
p270,accepted\p270\p270_436_000.wav,1,p270,1,0.9882596,1
p270,accepted\p270\p270_437_000.wav,1,p270,1,0.8312857,1
p270,accepted\p270\p270_437_001.wav,1,p270,1,0.9999956,1
p270,accepted\p270\p270_438_000.wav,1,p270,1,0.9942515,1
p273,rejected\p273\p273_111_000.wav,0,p273,0,0.017697247,0
p273,rejected\p273\p273_112_000.wav,0,p273,0,0.0026844775,0
p273,rejected\p273\p273_112_001.wav,0,p273,0,0.0025218166,0
p273,rejected\p273\p273_112_002.wav,0,p273,0,0.30323803,0
p273,rejected\p273\p273_113_000.wav,0,p273,0,1.26280875e-05,0
p273,rejected\p273\p273_113_001.wav,0,p273,0,0.94942904,1
p273,rejected\p273\p273_114_000.wav,0,p273,0,0.26925638,0
p273,rejected\p273\p273_114_001.wav,0,p273,0,2.6355315e-06,0
p273,rejected\p273\p273_115_000.wav,0,p273,0,0.041747242,0
p273,rejected\p273\p273_115_001.wav,0,p273,0,0.00010749685,0
p273,rejected\p273\p273_116_000.wav,0,p273,0,0.00013133763,0
p273,rejected\p273\p273_116_001.wav,0,p273,0,0.00048041285,0
p273,rejected\p273\p273_117_000.wav,0,p273,0,0.0001724235,0
p273,rejected\p273\p273_118_000.wav,0,p273,0,0.0007754043,0
p273,rejected\p273\p273_119_000.wav,0,p273,0,0.0009976308,0
p273,rejected\p273\p273_120_000.wav,0,p273,0,0.00013344914,0
p273,rejected\p273\p273_120_001.wav,0,p273,0,2.1306754e-08,0
p273,rejected\p273\p273_120_002.wav,0,p273,0,0.09938952,0
p273,rejected\p273\p273_121_000.wav,0,p273,0,0.059652235,0
p273,rejected\p273\p273_122_000.wav,0,p273,0,4.1509653e-09,0
p273,rejected\p273\p273_123_000.wav,0,p273,0,0.009587345,0
p273,rejected\p273\p273_124_000.wav,0,p273,0,0.062351365,0
p273,rejected\p273\p273_125_000.wav,0,p273,0,5.063945e-05,0
p273,rejected\p273\p273_125_001.wav,0,p273,0,1.5558297e-05,0
p273,rejected\p273\p273_126_000.wav,0,p273,0,7.53542e-05,0
p273,rejected\p273\p273_127_000.wav,0,p273,0,0.00012813031,0
p273,rejected\p273\p273_127_001.wav,0,p273,0,0.0006483078,0
p273,rejected\p273\p273_128_000.wav,0,p273,0,0.021914992,0
p273,rejected\p273\p273_128_001.wav,0,p273,0,8.1701524e-05,0
p273,rejected\p273\p273_128_002.wav,0,p273,0,0.01255885,0
p273,rejected\p273\p273_129_000.wav,0,p273,0,0.021819059,0
p273,rejected\p273\p273_129_001.wav,0,p273,0,0.0010110432,0
p273,rejected\p273\p273_130_000.wav,0,p273,0,0.0076496517,0
p273,rejected\p273\p273_130_001.wav,0,p273,0,1.0971693e-07,0
p273,rejected\p273\p273_131_000.wav,0,p273,0,0.0033371875,0
p273,rejected\p273\p273_132_000.wav,0,p273,0,3.375695e-05,0
p273,rejected\p273\p273_133_000.wav,0,p273,0,0.03793176,0
p273,rejected\p273\p273_134_000.wav,0,p273,0,0.0070873187,0
p273,rejected\p273\p273_134_001.wav,0,p273,0,1.9917507e-05,0
p273,rejected\p273\p273_135_000.wav,0,p273,0,0.00028933238,0
p273,rejected\p273\p273_136_000.wav,0,p273,0,0.00018938415,0
p273,rejected\p273\p273_137_000.wav,0,p273,0,0.1539073,0
p273,rejected\p273\p273_137_001.wav,0,p273,0,0.18894401,0
p273,rejected\p273\p273_138_000.wav,0,p273,0,0.32666093,0
p273,rejected\p273\p273_138_001.wav,0,p273,0,7.259209e-08,0
p274,rejected\p274\p274_090_000.wav,0,p274,0,0.18947618,0
p274,rejected\p274\p274_090_001.wav,0,p274,0,0.021680724,0
p274,rejected\p274\p274_090_002.wav,0,p274,0,9.123004e-05,0
p274,rejected\p274\p274_090_003.wav,0,p274,0,2.649533e-06,0
p274,rejected\p274\p274_091_000.wav,0,p274,0,0.086166576,0
p274,rejected\p274\p274_091_001.wav,0,p274,0,1.4212746e-07,0
p274,rejected\p274\p274_092_000.wav,0,p274,0,0.0050144107,0
p274,rejected\p274\p274_093_000.wav,0,p274,0,0.020981446,0
p274,rejected\p274\p274_093_001.wav,0,p274,0,5.203641e-07,0
p274,rejected\p274\p274_094_000.wav,0,p274,0,0.013084096,0
p274,rejected\p274\p274_095_000.wav,0,p274,0,0.11941427,0
p274,rejected\p274\p274_095_001.wav,0,p274,0,6.305984e-08,0
p274,rejected\p274\p274_095_002.wav,0,p274,0,7.864883e-09,0
p274,rejected\p274\p274_096_000.wav,0,p274,0,0.0013599758,0
p274,rejected\p274\p274_096_001.wav,0,p274,0,4.2426632e-07,0
p274,rejected\p274\p274_097_000.wav,0,p274,0,0.019485293,0
p274,rejected\p274\p274_097_001.wav,0,p274,0,9.788663e-06,0
p274,rejected\p274\p274_099_000.wav,0,p274,0,0.0006105336,0
p274,rejected\p274\p274_099_001.wav,0,p274,0,2.8075929e-05,0
p274,rejected\p274\p274_099_002.wav,0,p274,0,2.1230413e-05,0
p274,rejected\p274\p274_100_000.wav,0,p274,0,0.44836995,0
p274,rejected\p274\p274_100_001.wav,0,p274,0,0.00024132298,0
p274,rejected\p274\p274_101_000.wav,0,p274,0,0.0145683605,0
p274,rejected\p274\p274_101_001.wav,0,p274,0,0.015223153,0
p274,rejected\p274\p274_102_000.wav,0,p274,0,0.16547734,0
p274,rejected\p274\p274_102_001.wav,0,p274,0,3.6386946e-06,0
p274,rejected\p274\p274_103_000.wav,0,p274,0,0.0018191255,0
p274,rejected\p274\p274_103_001.wav,0,p274,0,0.0003728369,0
p274,rejected\p274\p274_104_000.wav,0,p274,0,0.3402549,0
p274,rejected\p274\p274_104_001.wav,0,p274,0,9.423781e-06,0
p274,rejected\p274\p274_104_002.wav,0,p274,0,7.2101604e-05,0
p274,rejected\p274\p274_105_000.wav,0,p274,0,0.37822804,0
p274,rejected\p274\p274_105_001.wav,0,p274,0,2.8576227e-05,0
p274,rejected\p274\p274_105_002.wav,0,p274,0,2.4497274e-08,0
p274,rejected\p274\p274_106_000.wav,0,p274,0,0.97925293,1
p274,rejected\p274\p274_106_001.wav,0,p274,0,0.0019486295,0
p274,rejected\p274\p274_106_002.wav,0,p274,0,2.817115e-15,0
p274,rejected\p274\p274_107_000.wav,0,p274,0,0.1530226,0
p274,rejected\p274\p274_107_001.wav,0,p274,0,9.960827e-05,0
p274,rejected\p274\p274_108_000.wav,0,p274,0,0.05552373,0
p274,rejected\p274\p274_108_001.wav,0,p274,0,5.6422426e-08,0
p274,rejected\p274\p274_109_000.wav,0,p274,0,0.08067752,0
p274,rejected\p274\p274_109_001.wav,0,p274,0,9.081327e-12,0
p274,rejected\p274\p274_109_002.wav,0,p274,0,1.4323673e-09,0
p274,rejected\p274\p274_109_003.wav,0,p274,0,2.2532852e-08,0
p276,rejected\p276\p276_094_000.wav,0,p276,0,0.019041559,0
p276,rejected\p276\p276_094_001.wav,0,p276,0,0.029038412,0
p276,rejected\p276\p276_095_000.wav,0,p276,0,0.00025796727,0
p276,rejected\p276\p276_095_001.wav,0,p276,0,0.0018596107,0
p276,rejected\p276\p276_096_000.wav,0,p276,0,2.1927747e-07,0
p276,rejected\p276\p276_096_001.wav,0,p276,0,6.956155e-05,0
p276,rejected\p276\p276_097_000.wav,0,p276,0,2.3300085e-05,0
p276,rejected\p276\p276_097_001.wav,0,p276,0,0.04835305,0
p276,rejected\p276\p276_098_000.wav,0,p276,0,0.019970218,0
p276,rejected\p276\p276_098_001.wav,0,p276,0,0.002874351,0
p276,rejected\p276\p276_099_000.wav,0,p276,0,0.029195102,0
p276,rejected\p276\p276_099_001.wav,0,p276,0,3.2829284e-05,0
p276,rejected\p276\p276_100_000.wav,0,p276,0,2.6030747e-08,0
p276,rejected\p276\p276_100_001.wav,0,p276,0,4.212231e-05,0
p276,rejected\p276\p276_101_000.wav,0,p276,0,0.02431553,0
p276,rejected\p276\p276_101_001.wav,0,p276,0,0.035153303,0
p276,rejected\p276\p276_102_000.wav,0,p276,0,0.00031016517,0
p276,rejected\p276\p276_102_001.wav,0,p276,0,0.0013575475,0
p276,rejected\p276\p276_103_000.wav,0,p276,0,0.012133172,0
p276,rejected\p276\p276_103_001.wav,0,p276,0,0.01738441,0
p276,rejected\p276\p276_104_000.wav,0,p276,0,0.00010076866,0
p276,rejected\p276\p276_104_001.wav,0,p276,0,0.00011470335,0
p276,rejected\p276\p276_105_000.wav,0,p276,0,0.0015660542,0
p276,rejected\p276\p276_106_000.wav,0,p276,0,0.012568392,0
p276,rejected\p276\p276_106_001.wav,0,p276,0,0.028290497,0
p276,rejected\p276\p276_107_000.wav,0,p276,0,1.0175898e-05,0
p276,rejected\p276\p276_107_001.wav,0,p276,0,0.016723612,0
p276,rejected\p276\p276_108_000.wav,0,p276,0,2.6458956e-05,0
p276,rejected\p276\p276_108_001.wav,0,p276,0,0.00045691285,0
p276,rejected\p276\p276_109_000.wav,0,p276,0,6.3176696e-05,0
p276,rejected\p276\p276_109_001.wav,0,p276,0,0.0006637464,0
p276,rejected\p276\p276_110_000.wav,0,p276,0,2.852859e-06,0
p276,rejected\p276\p276_110_001.wav,0,p276,0,0.010971124,0
p276,rejected\p276\p276_111_000.wav,0,p276,0,0.03251991,0
p276,rejected\p276\p276_111_001.wav,0,p276,0,0.00043039065,0
p276,rejected\p276\p276_112_000.wav,0,p276,0,1.8294847e-06,0
p276,rejected\p276\p276_112_001.wav,0,p276,0,2.8425491e-05,0
p276,rejected\p276\p276_112_002.wav,0,p276,0,0.00079033617,0
p276,rejected\p276\p276_113_000.wav,0,p276,0,2.7748552e-05,0
p276,rejected\p276\p276_113_001.wav,0,p276,0,0.000103650695,0
p276,rejected\p276\p276_113_002.wav,0,p276,0,3.7033577e-05,0
p276,rejected\p276\p276_114_000.wav,0,p276,0,0.0019100225,0
p276,rejected\p276\p276_114_001.wav,0,p276,0,0.0037479394,0
p276,rejected\p276\p276_115_000.wav,0,p276,0,7.5695934e-06,0
p276,rejected\p276\p276_115_001.wav,0,p276,0,0.09911484,0
p277,rejected\p277\p277_113_000.wav,0,p277,0,0.0070606987,0
p277,rejected\p277\p277_114_000.wav,0,p277,0,0.15718491,0
p277,rejected\p277\p277_115_000.wav,0,p277,0,0.0039795986,0
p277,rejected\p277\p277_115_001.wav,0,p277,0,0.020539423,0
p277,rejected\p277\p277_116_000.wav,0,p277,0,0.0012198903,0
p277,rejected\p277\p277_116_001.wav,0,p277,0,5.7391702e-05,0
p277,rejected\p277\p277_116_002.wav,0,p277,0,0.0003817049,0
p277,rejected\p277\p277_116_003.wav,0,p277,0,2.3628941e-07,0
p277,rejected\p277\p277_117_000.wav,0,p277,0,6.590831e-05,0
p277,rejected\p277\p277_117_001.wav,0,p277,0,5.179712e-07,0
p277,rejected\p277\p277_118_000.wav,0,p277,0,0.0025419295,0
p277,rejected\p277\p277_118_001.wav,0,p277,0,0.0001201217,0
p277,rejected\p277\p277_119_000.wav,0,p277,0,0.8995389,1
p277,rejected\p277\p277_119_001.wav,0,p277,0,2.824725e-06,0
p277,rejected\p277\p277_119_002.wav,0,p277,0,0.00019493315,0
p277,rejected\p277\p277_120_000.wav,0,p277,0,0.027260335,0
p277,rejected\p277\p277_121_000.wav,0,p277,0,0.0009795126,0
p277,rejected\p277\p277_123_000.wav,0,p277,0,0.00067160866,0
p277,rejected\p277\p277_123_001.wav,0,p277,0,1.710214e-07,0
p277,rejected\p277\p277_123_002.wav,0,p277,0,8.5740034e-08,0
p277,rejected\p277\p277_124_000.wav,0,p277,0,0.0016862936,0
p277,rejected\p277\p277_124_001.wav,0,p277,0,1.5518751e-07,0
p277,rejected\p277\p277_125_000.wav,0,p277,0,0.014783901,0
p277,rejected\p277\p277_126_000.wav,0,p277,0,0.0017063785,0
p277,rejected\p277\p277_126_001.wav,0,p277,0,3.7284701e-06,0
p277,rejected\p277\p277_127_000.wav,0,p277,0,3.217487e-05,0
p277,rejected\p277\p277_127_001.wav,0,p277,0,9.236595e-06,0
p277,rejected\p277\p277_128_000.wav,0,p277,0,0.00059317844,0
p277,rejected\p277\p277_129_000.wav,0,p277,0,0.00056483643,0
p277,rejected\p277\p277_129_001.wav,0,p277,0,7.7935e-06,0
p277,rejected\p277\p277_130_000.wav,0,p277,0,6.60255e-05,0
p277,rejected\p277\p277_130_001.wav,0,p277,0,3.6092445e-08,0
p277,rejected\p277\p277_130_002.wav,0,p277,0,8.2081424e-05,0
p277,rejected\p277\p277_132_000.wav,0,p277,0,0.0017638028,0
p277,rejected\p277\p277_133_000.wav,0,p277,0,0.015391719,0
p277,rejected\p277\p277_133_001.wav,0,p277,0,0.0018907251,0
p277,rejected\p277\p277_134_000.wav,0,p277,0,0.0010523172,0
p277,rejected\p277\p277_134_001.wav,0,p277,0,1.2787892e-07,0
p277,rejected\p277\p277_135_000.wav,0,p277,0,7.033176e-05,0
p277,rejected\p277\p277_135_001.wav,0,p277,0,1.3194102e-05,0
p277,rejected\p277\p277_135_002.wav,0,p277,0,3.1971276e-06,0
p277,rejected\p277\p277_136_000.wav,0,p277,0,0.011911252,0
p277,rejected\p277\p277_136_001.wav,0,p277,0,3.206998e-05,0
p277,rejected\p277\p277_137_000.wav,0,p277,0,0.002992311,0
p277,rejected\p277\p277_137_001.wav,0,p277,0,1.2934443e-05,0
